GO

    USE sportsanalytics;

GO 
GO
INSERT INTO Coach (CoachID, [Name] ,StartDate,CoachingTenure)
VALUES
(1, 'Kumar Sangakkara ','2008-01-01',dbo.CalculateTenure('2008-01-01')),
(2, 'Andy Flower','2008-01-02',dbo.CalculateTenure('2008-01-02')),
(3, 'Daniel Vettori','2008-01-03',dbo.CalculateTenure('2008-01-03')),
(4, 'Pravin Amre','2008-01-04',dbo.CalculateTenure('2008-01-04')),
(5, 'Stephen Fleming ','2008-01-05',dbo.CalculateTenure('2008-01-05')),
(6, 'Ashish Nehra','2008-01-06',dbo.CalculateTenure('2008-01-06')),
(7, 'Justin Langer','2008-01-07',dbo.CalculateTenure('2008-01-07')),
(8, 'Chandrakant Pandit ','2008-01-08',dbo.CalculateTenure('2008-01-08')),
(9, 'Trevor Harley','2008-01-09',dbo.CalculateTenure('2008-01-09')),
(10, 'Mark Boucher','2008-01-10',dbo.CalculateTenure('2008-01-10')),
(11, 'Trevor Harley','2008-01-11',dbo.CalculateTenure('2008-01-11')),
(12, 'Ricky Ponting','2008-01-12',dbo.CalculateTenure('2008-01-12')),
(13, 'Fleming','2008-01-13',dbo.CalculateTenure('2008-01-13')),
(14, 'Bradley John Hodge','2008-01-14',dbo.CalculateTenure('2008-01-14')),
(15, 'Geoffrey Robert Marsh','2008-01-15',dbo.CalculateTenure('2008-01-15')),
(16, 'Darren Scott Lehmann','2008-01-16',dbo.CalculateTenure('2008-01-16')),
(17, 'Geoffrey Francis Lawson','2008-01-17',dbo.CalculateTenure('2008-01-17'))
GO

INSERT INTO Franchise (FranchiseID,FranchiseName,FranchiseOwner)
VALUES
(1, 'Rajasthan Royals', 'Manoj Badale'),
(2, 'Royal Challengers Bangalore', 'Vijay Mallya'),
(3, 'Sunrisers Hyderabad', 'Kalanithi Maran'),
(4, 'Delhi Capitals', 'GMR Group and JSW Group'),
(5, 'Chennai Super Kings', 'Narayanaswami Srinivasan'),
(6, 'Gujarat Titans', 'CVC Capital Partners'),
(7, 'Lucknow Super Giants', 'Sanjiv Goenka'),
(8, 'Kolkata Knight Riders', 'Shah Rukh Khan'),
(9, 'Punjab Kings', 'Preity Zinta'),
(10, 'Mumbai Indians', 'Reliance Industries'),
(11, 'Kings XI Punjab', 'Preity Zinta'),
(12, 'Delhi Daredevils', 'GMR Group and JSW Group'),
(13, 'Rising Pune Supergiants', 'Sanjiv Goenka Group'),
(14, 'Gujarat Lions', 'CVC Capital Partners'),
(15, 'Pune Warriors', 'Sanjiv Goenka Group'),
(16, 'Deccan Chargers', 'Deccan Chronicle'),
(17, 'Kochi Tuskers Kerala', 'Kochi Cricket Pvt Ltd')

Go

INSERT INTO Team (TeamID, TeamName,CoachID,FranchiseID)
VALUES
(1, 'RR',1,1),
(2, 'RCB',2,2),
(3, 'SRH',3,3),
(4, 'DC',4,4),
(5, 'CSK',5,5),
(6, 'GT',6,6),
(7, 'LSG',7,7),
(8, 'KKR',8,8),
(9, 'PK',9,9),
(10, 'MI',10,10),
(11, 'KXIP',11,11),
(12, 'DD',12,12),
(13, 'RPS',13,13),
(14, 'GL',14,14),
(15, 'PW',15,15),
(16, 'DC',16,16),
(17, 'KTK',17,17)

GO





INSERT INTO Tournament (TournamentID,TournamentName,StartDate,EndDate)
VALUES
(1, 'IPL - 2007/08','2008-04-18','2008-06-01'),
(2, 'IPL - 2009','2009-04-18','2009-05-24'),
(3, 'IPL - 2009/10','2010-03-12','2010-04-25'),
(4, 'IPL - 2011','2011-04-08','2011-05-28'),
(5, 'IPL - 2012','2012-04-04','2012-05-27'),
(6, 'IPL - 2013','2013-04-03','2013-05-26'),
(7, 'IPL - 2014','2014-04-16','2014-06-01'),
(8, 'IPL - 2015','2015-04-08','2015-05-24'),
(9, 'IPL - 2016','2016-04-09','2016-05-29'),
(10, 'IPL - 2017','2017-04-05','2017-05-21'),
(11, 'IPL - 2018','2018-04-07','2018-05-27'),
(12, 'IPL - 2019','2019-03-23','2019-05-12'),
(13, 'IPL - 2020/21','2020-09-19','2020-11-10'),
(14, 'IPL - 2021','2021-04-09','2021-10-15'),
(15, 'IPL - 2022','2022-03-26','2022-05-29')

Go


INSERT INTO Venue (VenueID,Name,Capacity,City,State,Country)
VALUES 
(1, 'Arun Jaitley Stadium',42207,'Delhi','Delhi','India'),
(2, 'Arun Jaitley Stadium, Delhi',44707,'Delhi','Delhi','India'),
(3, 'Barabati Stadium',31780,'Cuttack','Odisha','India'),
(4, 'Brabourne Stadium',26332,'Mumbai','Maharashtra','India'),
(5, 'Brabourne Stadium, Mumbai',29723,'Mumbai','Maharashtra','India'),
(6, 'Buffalo Park',42817,'East London','Eastern Cape','South Africa'),
(7, 'De Beers Diamond Oval',25476,'Kimberley','Northern Cape','South Africa'),
(8, 'Dr DY Patil Sports Academy',44714,'Mumbai','Maharashtra','India'),
(9, 'Dr DY Patil Sports Academy, Mumbai',28850,'Mumbai','Maharashtra','India'),
(10, 'Dr DY Patil Sports Academy, Mumbai',47391,'Navi Mumbai','Maharashtra','India'),
(11, 'Dr. Y.S. Rajasekhara Reddy ACA-VDCA Cricket Stadium',11874,'Visakhapatnam','Andhra Pradesh','India'),
(12, 'Dubai International Cricket Stadium',43307,'Dubai','Dubai','United Arab Emirates'),
(13, 'Dubai International Cricket Stadium',45124,'Kolkata','West Bengal','India'),
(14, 'Eden Gardens',41562,'Kolkata','West Bengal','India'),
(15, 'Eden Gardens, Kolkata',47631,'Kolkata','West Bengal','India'),
(16, 'Feroz Shah Kotla',43482,'Delhi','Delhi','India'),
(17, 'Green Park',33765,'Kanpur','Uttar Pradesh','India'),
(18, 'Himachal Pradesh Cricket Association Stadium',19261,'Dharamsala','Himachal Pradesh','India'),
(19, 'Holkar Cricket Stadium',46593,'Indore','Madhya Pradesh','India'),
(20, 'JSCA International Stadium Complex',59423,'Ranchi','Jharkhand','India'),
(21, 'Kingsmead',49422,'Durban','KwaZulu-Natal','South Africa'),
(22, 'M Chinnaswamy Stadium',32796,'Bangalore','Karnataka','India'),
(23, 'M.Chinnaswamy Stadium',23819,'Bengaluru','Karnataka','India'),
(24, 'MA Chidambaram Stadium',48100,'Chennai','Tamil Nadu','India'),
(25, 'MA Chidambaram Stadium, Chepauk',18736,'Chennai','Tamil Nadu','India'),
(26, 'MA Chidambaram Stadium, Chepauk, Chennai',48885,'Chennai','Tamil Nadu','India'),
(27, 'Maharashtra Cricket Association Stadium',21364,'Pune','Maharashtra','India'),
(28, 'Maharashtra Cricket Association Stadium, Pune',41927,'Pune','Maharashtra','India'),
(29, 'Narendra Modi Stadium, Ahmedabad',45140,'Ahmedabad','Gujarat','India'),
(30, 'Nehru Stadium',37172,'Kochi','Kerala','India'),
(31, 'New Wanderers Stadium',44995,'Johannesburg','Gauteng','South Africa'),
(32, 'Newlands',44584,'Cape Town','Western Cape','South Africa'),
(33, 'OUTsurance Oval',37269,'Bloemfontein','Free State','South Africa'),
(34, 'Punjab Cricket Association IS Bindra Stadium',34029,'Chandigarh','Chandigarh (Union Territory)','India'),
(35, 'Punjab Cricket Association IS Bindra Stadium, Mohali',33964,'Chandigarh','Chandigarh (Union Territory)','India'),
(36, 'Punjab Cricket Association Stadium, Mohali',33611,'Chandigarh','Chandigarh (Union Territory)','India'),
(37, 'Rajiv Gandhi International Stadium',32696,'Hyderabad','Telangana','India'),
(38, 'Rajiv Gandhi International Stadium, Uppal',34723,'Hyderabad','Telangana','India'),
(39, 'Sardar Patel Stadium, Motera',32123,'Ahmedabad','Gujarat','India'),
(40, 'Saurashtra Cricket Association Stadium',49594,'Rajkot','Gujarat','India'),
(41, 'Sawai Mansingh Stadium',46557,'Jaipur','Rajasthan','India'),
(42, 'Shaheed Veer Narayan Singh International Stadium',23455,'Raipur','Chhattisgarh','India'),
(43, 'Sharjah Cricket Stadium',22550,'Sharjah','Sharjah','United Arab Emirates'),
(44, 'Sharjah Cricket Stadium',40265,'Sharjah','Sharjah','United Arab Emirates'),
(45, 'Sheikh Zayed Stadium',28052,'Abu Dhabi','Abu Dhabi','United Arab Emirates'),
(46, 'St GeorgeNULLs Park',10622,'Port Elizabeth','Eastern Cape','South Africa'),
(47, 'Subrata Roy Sahara Stadium',31146,'Pune','Maharashtra','India'),
(48, 'SuperSport Park',20558,'Centurion','Gauteng','South Africa'),
(49, 'Vidarbha Cricket Association Stadium, Jamtha',10243,'Nagpur','Maharashtra','India'),
(50, 'Wankhede Stadium',37360,'Mumbai','Maharashtra','India'),
(51, 'Wankhede Stadium, Mumbai',46132,'Mumbai','Maharashtra','India'),
(52, 'Zayed Cricket Stadium, Abu Dhabi',69478,'Abu Dhabi','Abu Dhabi','United Arab Emirates')
GO



INSERT INTO Player (PlayerID,Name,TeamID,JerseyNbr,TotalMatch,NbrofCatch,DominantHand,BattingAvg,Centuries,HalfCenturies,TotalRuns,BowlerType,Wickets)
VALUES 

(1, 'V Kohli',2,1,215,93,'Right_Hand',dbo.CalculateBattingAverage(6876,215),6,47,6876,'Right-arm medium',222),
(2, 'S Dhawan',9,2,205,76,'Left_Hand',dbo.CalculateBattingAverage(6561,205),3,49,6561,'Right-arm offbreak',212),
(3, 'DA Warner',4,3,162,96,'Left_Hand',dbo.CalculateBattingAverage(6191,162),5,57,6191,'Legbreak',162),
(4, 'RG Sharma',10,4,221,106,'Right_Hand',dbo.CalculateBattingAverage(6083,221),1,44,6083,'Right-arm offbreak',212),
(5, 'SK Raina',5,5,200,120,'Left_Hand',dbo.CalculateBattingAverage(5780,200),3,38,5780,'Right-arm offbreak',180),
(6, 'AB de Villiers',2,6,170,30,'Right_Hand',dbo.CalculateBattingAverage(5354,170),3,41,5354,'Right-arm medium',171),
(7, 'CH Gayle',9,7,141,92,'Left_Hand',dbo.CalculateBattingAverage(5336,141),10,32,5336,'Right-arm offbreak',115),
(8, 'RV Uthappa',5,8,197,135,'Right_Hand',dbo.CalculateBattingAverage(5246,197),0,29,5246,'Right-arm medium',173),
(9, 'MS Dhoni',5,9,205,133,'Right_Hand',dbo.CalculateBattingAverage(5221,205),0,27,5221,'Right-arm medium',170),
(10, 'KD Karthik',2,10,207,28,'Right_Hand',dbo.CalculateBattingAverage(4572,207),1,21,4572,NULL,195),
(11, 'G Gambhir',12,11,151,62,'Left_Hand',dbo.CalculateBattingAverage(4479,151),0,38,4479,'Legbreak',151),
(12, 'AT Rayudu',5,12,173,63,'Right_Hand',dbo.CalculateBattingAverage(4355,173),1,25,4355,'Right-arm offbreak',139),
(13, 'AM Rahane',8,13,148,59,'Right_Hand',dbo.CalculateBattingAverage(4254,148),3,28,4254,'Right-arm medium',144),
(14, 'KL Rahul',7,14,99,38,'Right_Hand',dbo.CalculateBattingAverage(4047,99),6,31,4047,NULL,137),
(15, 'SR Watson',5,15,141,78,'Right_Hand',dbo.CalculateBattingAverage(4042,141),4,22,4042,'Right-arm fast-medium',98),
(16, 'MK Pandey',7,16,148,73,'Right_Hand',dbo.CalculateBattingAverage(3824,148),1,24,3824,'Right-arm medium',144),
(17, 'SV Samson',1,17,133,97,'Right_Hand',dbo.CalculateBattingAverage(3655,133),3,22,3655,NULL,107),
(18, 'KA Pollard',10,18,168,71,'Right_Hand',dbo.CalculateBattingAverage(3650,168),0,17,3650,'Right-arm medium-fast',138),
(19, 'F du Plessis',2,19,109,41,'Right_Hand',dbo.CalculateBattingAverage(3537,109),1,25,3537,'Legbreak',128),
(20, 'YK Pathan',3,20,153,38,'Right_Hand',dbo.CalculateBattingAverage(3385,153),1,19,3385,'Right-arm offbreak',122),
(21, 'BB McCullum',2,21,109,69,'Right_Hand',dbo.CalculateBattingAverage(3103,109),2,18,3103,'Right-arm medium',84),
(22, 'PA Patel',2,22,136,64,'Left_Hand',dbo.CalculateBattingAverage(3041,136),0,13,3041,NULL,116),
(23, 'RR Pant',4,23,97,43,'Left_Hand',dbo.CalculateBattingAverage(2975,97),2,15,2975,NULL,95),
(24, 'JC Buttler',1,24,81,34,'Right_Hand',dbo.CalculateBattingAverage(2960,81),5,16,2960,NULL,93),
(25, 'V Sehwag',11,25,104,39,'Right_Hand',dbo.CalculateBattingAverage(2915,104),3,16,2915,'Right-arm offbreak',95),
(26, 'SS Iyer',8,26,100,65,'Right_Hand',dbo.CalculateBattingAverage(2900,100),0,19,2900,'Legbreak googly',110),
(27, 'Q de Kock',7,27,92,29,'Left_Hand',dbo.CalculateBattingAverage(2893,92),2,19,2893,NULL,90),
(28, 'Yuvraj Singh',10,28,126,48,'Left_Hand',dbo.CalculateBattingAverage(2884,126),0,14,2884,'Slow left-arm orthodox',96),
(29, 'M Vijay',5,29,105,58,'Right_Hand',dbo.CalculateBattingAverage(2749,105),2,13,2749,'Right-arm offbreak',105),
(30, 'SA Yadav',10,30,108,84,'Right_Hand',dbo.CalculateBattingAverage(2736,108),0,16,2736,'Right-arm offbreak',95),
(31, 'RA Jadeja',5,31,157,26,'Left_Hand',dbo.CalculateBattingAverage(2664,157),0,3,2664,'Slow left-arm orthodox',114),
(32, 'SE Marsh',11,32,69,54,'Left_Hand',dbo.CalculateBattingAverage(2612,69),1,21,2612,'Slow left-arm orthodox',85),
(33, 'SPD Smith',4,33,93,64,'Right_Hand',dbo.CalculateBattingAverage(2601,93),1,13,2601,'Legbreak googly',96),
(34, 'DA Miller',6,34,101,30,'Left_Hand',dbo.CalculateBattingAverage(2585,101),1,14,2585,'Right-arm offbreak',96),
(35, 'JH Kallis',8,35,95,79,'Right_Hand',dbo.CalculateBattingAverage(2567,95),0,18,2567,'Right-arm fast-medium',88),
(36, 'WP Saha',6,36,117,23,'Right_Hand',dbo.CalculateBattingAverage(2553,117),1,11,2553,NULL,103),
(37, 'SR Tendulkar',10,37,78,41,'Right_Hand',dbo.CalculateBattingAverage(2537,78),1,17,2537,'Right-arm offbreak',98),
(38, 'DR Smith',14,38,88,51,'Right_Hand',dbo.CalculateBattingAverage(2515,88),0,20,2515,'Right-arm medium',67),
(39, 'MA Agarwal',9,39,107,40,'Right_Hand',dbo.CalculateBattingAverage(2464,107),1,13,2464,NULL,58),
(40, 'GJ Maxwell',2,40,105,21,'Right_Hand',dbo.CalculateBattingAverage(2451,105),1,13,2451,'Right-arm offbreak',65),
(41, 'N Rana',8,41,85,18,'Left_Hand',dbo.CalculateBattingAverage(2278,85),0,16,2278,'Right-arm offbreak',81),
(42, 'R Dravid',1,42,82,29,'Right_Hand',dbo.CalculateBattingAverage(2270,82),0,12,2270,'Right-arm offbreak',82),
(43, 'AJ Finch',8,43,90,51,'Right_Hand',dbo.CalculateBattingAverage(2240,90),0,17,2240,'Slow left-arm orthodox',72),
(44, 'AC Gilchrist',11,44,80,39,'Left_Hand',dbo.CalculateBattingAverage(2215,80),2,11,2215,'Right-arm offbreak',53),
(45, 'KS Williamson',3,45,74,23,'Right_Hand',dbo.CalculateBattingAverage(2190,74),0,19,2190,'Right-arm offbreak',83),
(46, 'AD Russell',8,46,81,30,'Right_Hand',dbo.CalculateBattingAverage(2154,81),0,16,2154,'Right-arm fast',53),
(47, 'JP Duminy',10,47,75,52,'Left_Hand',dbo.CalculateBattingAverage(2131,75),0,16,2131,'Right-arm offbreak',100),
(48, 'HH Pandya',6,48,100,26,'Right_Hand',dbo.CalculateBattingAverage(2099,100),0,8,2099,'Right-arm medium-fast',68),
(49, 'MEK Hussey',5,49,58,30,'Left_Hand',dbo.CalculateBattingAverage(2064,58),1,17,2064,'Right-arm medium',68),
(50, 'Shubman Gill',6,50,70,33,NULL,dbo.CalculateBattingAverage(1966,70),0,15,1966,NULL,79),
(51, 'Ishan Kishan',10,51,70,33,'Left_Hand',dbo.CalculateBattingAverage(1940,70),1,12,1940,NULL,76),
(52, 'DPMD Jayawardene',12,52,78,29,'Right_Hand',dbo.CalculateBattingAverage(1929,78),1,10,1929,'Right-arm medium',80),
(53, 'RA Tripathi',3,53,74,45,NULL,dbo.CalculateBattingAverage(1867,74),0,10,1867,NULL,71),
(54, 'KC Sangakkara',3,54,68,47,'Left_Hand',dbo.CalculateBattingAverage(1780,68),0,13,1780,'Right-arm offbreak',49),
(55, 'MK Tiwary',11,55,83,38,'Right_Hand',dbo.CalculateBattingAverage(1777,83),0,7,1777,'Legbreak googly',85),
(56, 'Mandeep Singh',4,56,94,69,'Right_Hand',dbo.CalculateBattingAverage(1763,94),0,6,1763,'Right-arm medium',69),
(57, 'DJ Bravo',5,57,110,65,'Right_Hand',dbo.CalculateBattingAverage(1658,110),0,5,1658,'Right-arm medium-fast',47),
(58, 'NV Ojha',12,58,94,15,'Right_Hand',dbo.CalculateBattingAverage(1644,94),0,6,1644,NULL,62),
(59, 'PP Shaw',4,59,63,25,NULL,dbo.CalculateBattingAverage(1644,63),1,12,1644,NULL,38),
(60, 'SS Tiwary',10,60,73,26,'Left_Hand',dbo.CalculateBattingAverage(1577,73),0,8,1577,NULL,64),
(61, 'KK Nair',1,61,68,16,'Right_Hand',dbo.CalculateBattingAverage(1550,68),0,11,1550,'Right-arm offbreak',66),
(62, 'S Badrinath',5,62,65,36,'Right_Hand',dbo.CalculateBattingAverage(1515,65),0,12,1515,'Right-arm offbreak',48),
(63, 'EJG Morgan',8,63,74,22,'Left_Hand',dbo.CalculateBattingAverage(1496,74),0,6,1496,'Right-arm medium',61),
(64, 'BJ Hodge',1,64,63,22,'Right_Hand',dbo.CalculateBattingAverage(1477,63),0,6,1477,'Right-arm offbreak',54),
(65, 'SC Ganguly',16,65,56,30,'Left_Hand',dbo.CalculateBattingAverage(1464,56),0,9,1464,'Right-arm medium',65),
(66, 'KH Pandya',7,66,82,25,'Left_Hand',dbo.CalculateBattingAverage(1393,82),0,3,1393,'Slow left-arm orthodox',43),
(67, 'DJ Hussey',5,67,61,12,'Right_Hand',dbo.CalculateBattingAverage(1384,61),0,5,1384,'Right-arm offbreak',52),
(68, 'CA Lynn',10,68,42,20,'Right_Hand',dbo.CalculateBattingAverage(1384,42),1,10,1384,'Slow left-arm orthodox',54),
(69, 'JM Bairstow',9,69,39,20,NULL,dbo.CalculateBattingAverage(1349,39),2,9,1349,NULL,32),
(70, 'D Padikkal',1,70,46,42,NULL,dbo.CalculateBattingAverage(1341,46),1,7,1341,NULL,34),
(71, 'DJ Hooda',7,71,75,14,'Right_Hand',dbo.CalculateBattingAverage(1290,75),0,7,1290,'Right-arm offbreak',54),
(72, 'RD Gaikwad',5,72,36,30,NULL,dbo.CalculateBattingAverage(1260,36),2,9,1260,NULL,35),
(73, 'KM Jadhav',3,73,80,21,'Right_Hand',dbo.CalculateBattingAverage(1258,80),0,4,1258,'Right-arm offbreak',48),
(74, 'TM Dilshan',2,74,50,28,'Right_Hand',dbo.CalculateBattingAverage(1251,50),0,10,1251,'Right-arm offbreak',42),
(75, 'IK Pathan',14,75,82,11,'Left_Hand',dbo.CalculateBattingAverage(1250,82),0,1,1250,'Left-arm medium-fast',65),
(76, 'ML Hayden',5,76,32,51,'Left_Hand',dbo.CalculateBattingAverage(1205,32),0,10,1205,'Right-arm medium',36),
(77, 'AR Patel',4,77,87,13,'Left_Hand',dbo.CalculateBattingAverage(1195,87),0,0,1195,'Slow left-arm orthodox',64),
(78, 'M Vohra',7,78,50,16,'Right_Hand',dbo.CalculateBattingAverage(1136,50),1,3,1136,'Right-arm medium',46),
(79, 'MP Stoinis',7,79,59,10,'Right_Hand',dbo.CalculateBattingAverage(1132,59),0,4,1132,'Right-arm medium',36),
(80, 'LMP Simmons',10,80,29,16,'Right_Hand',dbo.CalculateBattingAverage(1127,29),1,12,1127,'Right-arm medium-fast',32),
(81, 'SP Narine',8,81,82,18,'Left_Hand',dbo.CalculateBattingAverage(1101,82),0,5,1101,'Right-arm offbreak',31),
(82, 'LRPL Taylor',12,82,54,13,'Right_Hand',dbo.CalculateBattingAverage(1084,54),0,5,1084,'Right-arm offbreak',41),
(83, 'Y Venugopal Rao',3,83,52,12,'Right_Hand',dbo.CalculateBattingAverage(1051,52),0,4,1051,'Right-arm offbreak',50),
(84, 'KP Pietersen',13,84,36,29,'Right_Hand',dbo.CalculateBattingAverage(1039,36),1,5,1039,'Right-arm offbreak',37),
(85, 'MC Henriques',9,85,54,20,'Right_Hand',dbo.CalculateBattingAverage(1034,54),0,5,1034,'Right-arm fast-medium',37),
(86, 'A Symonds',10,86,36,17,'Right_Hand',dbo.CalculateBattingAverage(1028,36),1,5,1028,'Right-arm offbreak',37),
(87, 'JA Morkel',13,87,67,22,'Left_Hand',dbo.CalculateBattingAverage(1026,67),0,3,1026,'Right-arm medium-fast',50),
(88, 'CL White',3,88,45,19,'Right_Hand',dbo.CalculateBattingAverage(1000,45),0,6,1000,'Legbreak googly',33),
(89, 'N Pooran',3,89,43,22,NULL,dbo.CalculateBattingAverage(960,43),0,4,960,NULL,25),
(90, 'HH Gibbs',10,90,36,15,'Right_Hand',dbo.CalculateBattingAverage(955,36),0,8,955,'Right-arm bowler',39),
(91, 'MM Ali',5,91,42,21,NULL,dbo.CalculateBattingAverage(953,42),0,5,953,NULL,24),
(92, 'BA Stokes',1,92,41,19,NULL,dbo.CalculateBattingAverage(951,41),2,2,951,NULL,27),
(93, 'STR Binny',1,93,66,38,'Right_Hand',dbo.CalculateBattingAverage(923,66),0,0,923,'Right-arm medium',50),
(94, 'Harbhajan Singh',8,94,88,20,'Right_Hand',dbo.CalculateBattingAverage(895,88),0,2,895,'Right-arm offbreak',53),
(95, 'MS Bisla',2,95,39,17,'Right_Hand',dbo.CalculateBattingAverage(894,39),1,3,894,NULL,21),
(96, 'SO Hetmyer',1,96,43,13,NULL,dbo.CalculateBattingAverage(883,43),0,3,883,NULL,26),
(97, 'Shakib Al Hasan',8,97,52,4,'Left_Hand',dbo.CalculateBattingAverage(850,52),0,2,850,'Slow left-arm orthodox',34),
(98, 'ST Jayasuriya',10,98,30,7,'Left_Hand',dbo.CalculateBattingAverage(843,30),1,5,843,'Slow left-arm orthodox',20),
(99, 'GC Smith',16,99,29,27,'Left_Hand',dbo.CalculateBattingAverage(800,29),0,6,800,'Right-arm offbreak',28),
(100, 'R Tewatia',6,100,46,19,'Left_Hand',dbo.CalculateBattingAverage(780,46),0,1,780,'Legbreak',32),
(101, 'AD Mathews',12,101,41,27,'Right_Hand',dbo.CalculateBattingAverage(765,41),0,2,765,'Right-arm fast-medium',34),
(102, 'V Shankar',6,102,41,11,'Right_Hand',dbo.CalculateBattingAverage(762,41),0,3,762,'Right-arm medium',26),
(103, 'S Dube',5,103,33,13,NULL,dbo.CalculateBattingAverage(727,33),1,4,727,NULL,23),
(104, 'AM Nayar',1,104,50,6,'Left_Hand',dbo.CalculateBattingAverage(722,50),0,0,722,'Right-arm medium',35),
(105, 'Abhishek Sharma',3,105,34,10,NULL,dbo.CalculateBattingAverage(710,34),0,2,710,NULL,21),
(106, 'TL Suman',16,106,39,9,'Right_Hand',dbo.CalculateBattingAverage(701,39),0,2,701,'Right-arm offbreak',32),
(107, 'E Lewis',7,107,26,12,NULL,dbo.CalculateBattingAverage(699,26),0,6,699,NULL,17),
(108, 'GJ Bailey',13,108,36,36,'Right_Hand',dbo.CalculateBattingAverage(692,36),0,2,692,'Right-arm medium',28),
(109, 'R Ashwin',1,109,72,36,'Right_Hand',dbo.CalculateBattingAverage(678,72),0,1,678,'Right-arm offbreak',29),
(110, 'CH Morris',1,110,49,10,'Right_Hand',dbo.CalculateBattingAverage(642,49),0,2,642,'Right-arm fast-medium',32),
(111, 'JD Ryder',16,111,29,35,'Left_Hand',dbo.CalculateBattingAverage(630,29),0,4,630,'Right-arm medium',17),
(112, 'PP Chawla',10,112,76,NULL,'Left_Hand',dbo.CalculateBattingAverage(620,76),0,0,620,'Legbreak',40),
(113, 'HM Amla',11,113,16,11,'Right_Hand',dbo.CalculateBattingAverage(600,16),2,3,600,'Right-arm offbreak',21),
(114, 'VR Iyer',8,114,22,12,NULL,dbo.CalculateBattingAverage(590,22),0,5,590,NULL,16),
(115, 'LS Livingstone',9,115,23,6,NULL,dbo.CalculateBattingAverage(583,23),0,5,583,NULL,24),
(116, 'YBK Jaiswal',1,116,23,11,NULL,dbo.CalculateBattingAverage(567,23),0,4,567,NULL,20),
(117, 'CJ Anderson',2,117,29,4,'Left_Hand',dbo.CalculateBattingAverage(559,29),0,3,559,'Left-arm medium-fast',20),
(118, 'RS Bopara',3,118,22,16,'Right_Hand',dbo.CalculateBattingAverage(557,22),0,3,557,'Right-arm medium',32),
(119, 'JP Faulkner',14,119,45,7,'Right_Hand',dbo.CalculateBattingAverage(554,45),0,1,554,'Left-arm fast-medium',18),
(120, 'OA Shah',1,120,22,8,'Right_Hand',dbo.CalculateBattingAverage(550,22),0,4,550,'Right-arm offbreak',20),
(121, 'SN Khan',4,121,32,29,'Right_Hand',dbo.CalculateBattingAverage(548,32),0,1,548,'Legbreak',17),
(122, 'R Parag',1,122,37,20,NULL,dbo.CalculateBattingAverage(544,37),0,3,544,NULL,29),
(123, 'M Manhas',5,123,38,20,'Right_Hand',dbo.CalculateBattingAverage(544,38),0,0,544,'Right-arm offbreak',26),
(124, 'Gurkeerat Singh',2,124,32,3,'Right_Hand',dbo.CalculateBattingAverage(541,32),0,2,541,'Right-arm offbreak',22),
(125, 'PC Valthaty',11,125,23,9,'Right_Hand',dbo.CalculateBattingAverage(539,23),1,3,539,'Right-arm medium',17),
(126, 'AK Markram',3,126,18,19,NULL,dbo.CalculateBattingAverage(537,18),0,3,537,NULL,23),
(127, 'SW Billings',8,127,27,7,'Right_Hand',dbo.CalculateBattingAverage(531,27),0,3,531,NULL,17),
(128, 'MR Marsh',4,128,23,28,'Right_Hand',dbo.CalculateBattingAverage(493,23),0,2,493,'Right-arm medium',15),
(129, 'DT Christian',2,129,41,6,'Right_Hand',dbo.CalculateBattingAverage(482,41),0,0,482,'Right-arm fast-medium',29),
(130, 'SA Asnodkar',1,130,19,13,'Right_Hand',dbo.CalculateBattingAverage(462,19),0,2,462,'Right-arm offbreak',19),
(131, 'NLTC Perera',13,131,30,5,'Left_Hand',dbo.CalculateBattingAverage(461,30),0,0,461,'Right-arm medium-fast',16),
(132, 'RM Patidar',2,132,11,5,NULL,dbo.CalculateBattingAverage(437,11),1,3,437,NULL,14),
(133, 'JR Hopes',12,133,19,15,'Right_Hand',dbo.CalculateBattingAverage(433,19),0,4,433,'Right-arm medium',17),
(134, 'LR Shukla',12,134,33,16,'Right_Hand',dbo.CalculateBattingAverage(432,33),0,1,432,'Right-arm medium',18),
(135, 'J Botha',8,135,28,6,'Right_Hand',dbo.CalculateBattingAverage(424,28),0,1,424,'Right-arm offbreak',18),
(136, 'CA Pujara',11,136,22,10,'Right_Hand',dbo.CalculateBattingAverage(421,22),0,1,421,'Legbreak',11),
(137, 'Tilak Varma',10,137,14,14,NULL,dbo.CalculateBattingAverage(418,14),0,2,418,NULL,17),
(138, 'MV Boucher',8,138,23,4,'Right_Hand',dbo.CalculateBattingAverage(416,23),0,2,416,'Right-arm medium',17),
(139, 'AL Menaria',1,139,23,7,'Left_Hand',dbo.CalculateBattingAverage(416,23),0,0,416,'Slow left-arm orthodox',19),
(140, 'Azhar Mahmood',8,140,21,8,'Right_Hand',dbo.CalculateBattingAverage(409,21),0,2,409,'Right-arm fast-medium',10),
(141, 'PJ Cummins',8,141,29,18,'Right_Hand',dbo.CalculateBattingAverage(404,29),0,3,404,'Right-arm fast',12),
(142, 'A Mishra',4,142,54,11,'Right_Hand',dbo.CalculateBattingAverage(402,54),0,0,402,'Legbreak',35),
(143, 'DB Ravi Teja',3,143,25,2,'Right_Hand',dbo.CalculateBattingAverage(401,25),0,1,401,'Legbreak googly',20),
(144, 'S Sohal',17,144,20,16,'Right_Hand',dbo.CalculateBattingAverage(400,20),0,2,400,'Legbreak',14),
(145, 'P Negi',2,145,35,3,'Left_Hand',dbo.CalculateBattingAverage(392,35),0,0,392,'Slow left-arm orthodox',29),
(146, 'AP Tare',12,146,27,13,'Right_Hand',dbo.CalculateBattingAverage(365,27),0,1,365,NULL,10),
(147, 'P Kumar',14,147,57,8,'Right_Hand',dbo.CalculateBattingAverage(363,57),0,0,363,'Right-arm medium',29),
(148, 'JJ Roy',3,148,13,23,NULL,dbo.CalculateBattingAverage(358,13),0,2,358,NULL,12),
(149, 'R Bhatia',13,149,47,9,'Right_Hand',dbo.CalculateBattingAverage(356,47),0,0,356,'Right-arm medium-fast',31),
(150, 'Washington Sundar',3,150,32,9,NULL,dbo.CalculateBattingAverage(349,32),0,0,349,NULL,19),
(151, 'SM Curran',5,151,23,12,NULL,dbo.CalculateBattingAverage(344,23),0,2,344,NULL,13),
(152, 'KV Sharma',10,152,34,6,'Left_Hand',dbo.CalculateBattingAverage(343,34),0,0,343,'Legbreak googly',20),
(153, 'JEC Franklin',10,153,16,32,'Left_Hand',dbo.CalculateBattingAverage(342,16),0,1,342,'Left-arm medium',19),
(154, 'R Vinay Kumar',8,154,42,7,'Right_Hand',dbo.CalculateBattingAverage(338,42),0,0,338,'Right-arm medium',28),
(155, 'RN ten Doeschate',8,155,21,26,'Right_Hand',dbo.CalculateBattingAverage(338,21),0,1,338,'Right-arm medium-fast',14),
(156, 'Rashid Khan',6,156,41,8,NULL,dbo.CalculateBattingAverage(334,41),0,0,334,NULL,20),
(157, 'LA Pomersbach',11,157,16,9,'Left_Hand',dbo.CalculateBattingAverage(330,16),0,1,330,'Right-arm offbreak',17),
(158, 'UBT Chand',10,158,20,7,'Right_Hand',dbo.CalculateBattingAverage(327,20),0,1,327,'Right-arm offbreak',13),
(159, 'DB Das',8,159,22,9,'Right_Hand',dbo.CalculateBattingAverage(321,22),0,0,321,'Legbreak googly',20),
(160, 'DJG Sammy',2,160,20,6,'Right_Hand',dbo.CalculateBattingAverage(317,20),0,1,317,'Right-arm medium-fast',13),
(161, 'C de Grandhomme',2,161,21,18,NULL,dbo.CalculateBattingAverage(317,21),0,0,317,NULL,19),
(162, 'SP Goswami',3,162,21,12,'Left_Hand',dbo.CalculateBattingAverage(312,21),0,1,312,NULL,14),
(163, 'Shahbaz Ahmed',2,163,19,7,NULL,dbo.CalculateBattingAverage(310,19),0,0,310,NULL,18),
(164, 'Y Nagar',12,164,20,6,'Right_Hand',dbo.CalculateBattingAverage(309,20),0,0,309,'Right-arm offbreak',11),
(165, 'GH Vihari',4,165,23,5,'Right_Hand',dbo.CalculateBattingAverage(303,23),0,0,303,'Right-arm offbreak',23),
(166, 'MJ Lumb',17,166,12,4,'Left_Hand',dbo.CalculateBattingAverage(297,12),0,2,297,'Right-arm medium',5),
(167, 'VVS Laxman',17,167,20,4,'Right_Hand',dbo.CalculateBattingAverage(296,20),0,1,296,'Right-arm offbreak',16),
(168, 'B Chipli',12,168,21,8,'Right_Hand',dbo.CalculateBattingAverage(292,21),0,2,292,'Right-arm medium',20),
(169, 'A Ashish Reddy',3,169,23,8,'Right_Hand',dbo.CalculateBattingAverage(288,23),0,0,288,'Right-arm medium',9),
(170, 'R Sathish',8,170,24,7,'Right_Hand',dbo.CalculateBattingAverage(288,24),0,0,288,'Right-arm medium',16),
(171, 'M Shahrukh Khan',9,171,18,16,NULL,dbo.CalculateBattingAverage(286,18),0,0,286,NULL,18),
(172, 'M Kaif',2,172,22,4,'Right_Hand',dbo.CalculateBattingAverage(280,22),0,0,280,'Right-arm offbreak',10),
(173, 'MK Lomror',2,173,15,7,NULL,dbo.CalculateBattingAverage(278,15),0,0,278,NULL,13),
(174, 'MJ Guptill',3,174,13,17,'Right_Hand',dbo.CalculateBattingAverage(276,13),0,2,276,'Right-arm offbreak',8),
(175, 'RK Singh',8,175,15,11,NULL,dbo.CalculateBattingAverage(268,15),0,0,268,NULL,10),
(176, 'PK Garg',3,176,17,11,NULL,dbo.CalculateBattingAverage(266,17),0,1,266,NULL,11),
(177, 'R Powell',4,177,12,2,NULL,dbo.CalculateBattingAverage(262,12),0,2,262,NULL,11),
(178, 'DP Conway',5,178,7,24,NULL,dbo.CalculateBattingAverage(262,7),0,3,262,NULL,8),
(179, 'B Kumar',3,179,55,11,'Right_Hand',dbo.CalculateBattingAverage(260,55),0,0,260,'Right-arm medium',32),
(180, 'JO Holder',7,180,24,2,'Right_Hand',dbo.CalculateBattingAverage(259,24),0,0,259,'Right-arm medium-fast',12),
(181, 'SM Katich',11,181,11,1,'Left_Hand',dbo.CalculateBattingAverage(254,11),0,2,254,'Slow left-arm chinaman',12),
(182, 'MD Mishra',16,182,17,10,'Right_Hand',dbo.CalculateBattingAverage(254,17),0,0,254,'Right-arm offbreak',13),
(183, 'BCJ Cutting',10,183,17,14,'Right_Hand',dbo.CalculateBattingAverage(251,17),0,0,251,'Right-arm fast-medium',12),
(184, 'Lalit Yadav',4,184,13,16,NULL,dbo.CalculateBattingAverage(251,13),0,1,251,NULL,13),
(185, 'HV Patel',2,185,31,9,'Right_Hand',dbo.CalculateBattingAverage(243,31),0,0,243,'Right-arm medium',19),
(186, 'JM Sharma',9,186,10,10,NULL,dbo.CalculateBattingAverage(241,10),0,0,241,NULL,9),
(187, 'AA Jhunjhunwala',17,187,15,9,'Right_Hand',dbo.CalculateBattingAverage(235,15),0,1,235,'Right-arm offbreak',11),
(188, 'K Goel',11,188,16,14,'Left_Hand',dbo.CalculateBattingAverage(234,16),0,0,234,'Right-arm offbreak',9),
(189, 'Abdul Samad',3,189,19,4,NULL,dbo.CalculateBattingAverage(232,19),0,0,232,NULL,11),
(190, 'PBB Rajapaksa',9,190,9,3,NULL,dbo.CalculateBattingAverage(218,9),0,0,218,NULL,1),
(191, 'TM Head',2,191,10,1,'Left_Hand',dbo.CalculateBattingAverage(214,10),0,1,214,'Right-arm offbreak',9),
(192, 'CA Ingram',4,192,15,3,'Left_Hand',dbo.CalculateBattingAverage(214,15),0,0,214,'Legbreak',6),
(193, 'PD Collingwood',12,193,7,2,'Right_Hand',dbo.CalculateBattingAverage(213,7),0,3,213,'Right-arm medium',8),
(194, 'Salman Butt',8,194,7,7,'Left_Hand',dbo.CalculateBattingAverage(211,7),0,2,211,'Right-arm offbreak',7),
(195, 'MS Wade',6,195,13,11,'Left_Hand',dbo.CalculateBattingAverage(210,13),0,0,210,'Right-arm medium',9),
(196, 'SK Warne',1,196,27,2,'Right_Hand',dbo.CalculateBattingAverage(210,27),0,0,210,'Legbreak googly',21),
(197, 'SP Fleming',5,197,10,4,'Left_Hand',dbo.CalculateBattingAverage(209,10),0,0,209,NULL,9),
(198, 'KS Bharat',4,198,8,13,NULL,dbo.CalculateBattingAverage(209,8),0,1,209,NULL,6),
(199, 'YV Takawale',2,199,10,7,'Right_Hand',dbo.CalculateBattingAverage(207,10),0,0,207,NULL,8),
(200, 'FY Fazal',1,200,11,7,'Left_Hand',dbo.CalculateBattingAverage(207,11),0,0,207,'Right-arm medium',8),
(201, 'JC Archer',1,201,21,3,NULL,dbo.CalculateBattingAverage(205,21),0,0,205,NULL,9),
(202, 'BJ Rohrer',12,202,8,10,'Left_Hand',dbo.CalculateBattingAverage(205,8),0,1,205,NULL,4),
(203, 'AS Raut',1,203,16,21,'Right_Hand',dbo.CalculateBattingAverage(204,16),0,0,204,'Legbreak googly',9),
(204, 'K Rabada',9,204,23,3,NULL,dbo.CalculateBattingAverage(201,23),0,0,201,NULL,21),
(205, 'CM Gautam',12,205,13,6,'Right_Hand',dbo.CalculateBattingAverage(199,13),0,0,199,NULL,10),
(206, 'CR Brathwaite',8,206,14,10,'Right_Hand',dbo.CalculateBattingAverage(198,14),0,0,198,'Right-arm fast-medium',4),
(207, 'R Dhawan',9,207,20,11,'Right_Hand',dbo.CalculateBattingAverage(197,20),0,0,197,'Right-arm medium-fast',15),
(208, 'Mohammad Nabi',3,208,14,4,NULL,dbo.CalculateBattingAverage(195,14),0,0,195,NULL,7),
(209, 'AB Agarkar',12,209,18,6,'Right_Hand',dbo.CalculateBattingAverage(193,18),0,0,193,'Right-arm fast',14),
(210, 'TH David',10,210,9,14,NULL,dbo.CalculateBattingAverage(192,9),0,0,192,NULL,4),
(211, 'K Gowtham',7,211,20,1,NULL,dbo.CalculateBattingAverage(192,20),0,0,192,NULL,7),
(212, 'AC Voges',1,212,7,7,'Right_Hand',dbo.CalculateBattingAverage(190,7),0,0,190,'Slow left-arm orthodox',9),
(213, 'Bipul Sharma',3,213,17,32,'Left_Hand',dbo.CalculateBattingAverage(190,17),0,0,190,'Slow left-arm orthodox',16),
(214, 'UT Yadav',8,214,41,12,'Right_Hand',dbo.CalculateBattingAverage(189,41),0,0,189,'Right-arm fast-medium',27),
(215, 'DH Yagnik',1,215,17,5,'Left_Hand',dbo.CalculateBattingAverage(187,17),0,0,187,NULL,6),
(216, 'S Gopal',3,216,22,4,'Right_Hand',dbo.CalculateBattingAverage(186,22),0,0,186,'Legbreak',19),
(217, 'C Munro',4,217,11,15,'Left_Hand',dbo.CalculateBattingAverage(185,11),0,0,185,'Right-arm medium-fast',7),
(218, 'MG Johnson',8,218,28,21,'Left_Hand',dbo.CalculateBattingAverage(183,28),0,0,183,'Left-arm fast',15),
(219, 'SN Thakur',4,219,23,4,'Right_Hand',dbo.CalculateBattingAverage(183,23),0,0,183,'Right-arm medium',9),
(220, 'MF Maharoof',12,220,14,22,'Right_Hand',dbo.CalculateBattingAverage(181,14),0,0,181,'Right-arm fast-medium',5),
(221, 'DW Steyn',2,221,33,7,'Right_Hand',dbo.CalculateBattingAverage(179,33),0,0,179,'Right-arm fast',10),
(222, 'MN van Wyk',8,222,5,2,'Right_Hand',dbo.CalculateBattingAverage(175,5),0,1,175,'Slow left-arm orthodox',5),
(223, 'MN Samuels',12,223,14,19,'Right_Hand',dbo.CalculateBattingAverage(174,14),0,1,174,'Right-arm offbreak',8),
(224, 'JD Unadkat',10,224,21,8,'Right_Hand',dbo.CalculateBattingAverage(174,21),0,0,174,'Left-arm medium',9),
(225, 'A Badoni',7,225,11,5,NULL,dbo.CalculateBattingAverage(173,11),0,1,173,NULL,7),
(226, 'R McLaren',8,226,13,2,'Left_Hand',dbo.CalculateBattingAverage(172,13),0,1,172,'Right-arm medium-fast',16),
(227, 'PA Reddy',3,227,10,6,'Right_Hand',dbo.CalculateBattingAverage(172,10),0,0,172,'Legbreak',8),
(228, 'RE van der Merwe',12,228,15,3,'Right_Hand',dbo.CalculateBattingAverage(170,15),0,0,170,'Slow left-arm orthodox',6),
(229, 'D Brevis',10,229,7,11,NULL,dbo.CalculateBattingAverage(168,7),0,0,168,NULL,3),
(230, 'S Anirudha',3,230,12,1,'Right_Hand',dbo.CalculateBattingAverage(164,12),0,1,164,NULL,5),
(231, 'S Vidyut',5,231,8,2,'Left_Hand',dbo.CalculateBattingAverage(156,8),0,1,156,'Slow left-arm orthodox',2),
(232, 'SM Pollock',10,232,8,1,'Right_Hand',dbo.CalculateBattingAverage(154,8),0,0,154,'Right-arm fast-medium',8),
(233, 'B Sai Sudharsan',6,233,5,5,NULL,dbo.CalculateBattingAverage(153,5),0,1,153,NULL,9),
(234, 'Sachin Baby',2,234,11,2,'Left_Hand',dbo.CalculateBattingAverage(153,11),0,0,153,'Right-arm offbreak',8),
(235, 'AD Hales',3,235,6,11,NULL,dbo.CalculateBattingAverage(152,6),0,0,152,NULL,2),
(236, 'N Saini',11,236,10,10,'Right_Hand',dbo.CalculateBattingAverage(145,10),0,1,145,NULL,3),
(237, 'Anuj Rawat',2,237,9,11,NULL,dbo.CalculateBattingAverage(143,9),0,1,143,NULL,7),
(238, 'DL Vettori',2,238,16,2,'Left_Hand',dbo.CalculateBattingAverage(141,16),0,0,141,'Slow left-arm orthodox',8),
(239, 'SB Styris',5,239,10,4,'Right_Hand',dbo.CalculateBattingAverage(139,10),0,0,139,'Right-arm medium',5),
(240, 'W Jaffer',2,240,8,NULL,'Right_Hand',dbo.CalculateBattingAverage(139,8),0,1,139,'Right-arm offbreak',8),
(241, 'MC Juneja',12,241,7,5,'Right_Hand',dbo.CalculateBattingAverage(138,7),0,1,138,'Right-arm offbreak',8),
(242, 'D Wiese',2,242,8,1,'Right_Hand',dbo.CalculateBattingAverage(136,8),0,0,136,'Right-arm medium-fast',7),
(243, 'UT Khawaja',13,243,6,8,'Left_Hand',dbo.CalculateBattingAverage(134,6),0,0,134,'Right-arm medium',6),
(244, 'B Lee',8,244,19,3,'Right_Hand',dbo.CalculateBattingAverage(133,19),0,0,133,'Right-arm fast',9),
(245, 'BB Samantray',3,245,8,5,'Right_Hand',dbo.CalculateBattingAverage(132,8),0,1,132,NULL,7),
(246, 'Kamran Akmal',1,246,6,5,'Right_Hand',dbo.CalculateBattingAverage(132,6),0,1,132,NULL,8),
(247, 'P Dogra',8,247,12,6,'Right_Hand',dbo.CalculateBattingAverage(131,12),0,0,131,'Legbreak',10),
(248, 'NK Patel',1,248,6,NULL,'Left_Hand',dbo.CalculateBattingAverage(131,6),0,1,131,NULL,5),
(249, 'AB McDonald',2,249,9,2,'Right_Hand',dbo.CalculateBattingAverage(130,9),0,0,130,'Right-arm fast-medium',5),
(250, 'TK Curran',4,250,10,11,NULL,dbo.CalculateBattingAverage(130,10),0,1,130,NULL,11),
(251, 'M Morkel',8,251,20,16,'Left_Hand',dbo.CalculateBattingAverage(130,20),0,0,130,'Right-arm fast',10),
(252, 'MM Sharma',5,252,25,4,'Right_Hand',dbo.CalculateBattingAverage(127,25),0,0,127,'Right-arm medium',16),
(253, 'AC Blizzard',10,253,7,1,'Left_Hand',dbo.CalculateBattingAverage(126,7),0,1,126,'Left-arm medium',3),
(254, 'Misbah-ul-Haq',2,254,8,2,'Right_Hand',dbo.CalculateBattingAverage(124,8),0,0,124,'Legbreak',4),
(255, 'DJM Short',1,255,7,21,NULL,dbo.CalculateBattingAverage(123,7),0,0,123,NULL,6),
(256, 'TG Southee',8,256,19,11,'Right_Hand',dbo.CalculateBattingAverage(123,19),0,0,123,'Right-arm medium-fast',10),
(257, 'KK Cooper',1,257,12,5,'Right_Hand',dbo.CalculateBattingAverage(122,12),0,0,122,'Right-arm medium',2),
(258, 'SE Rutherford',2,258,9,20,NULL,dbo.CalculateBattingAverage(122,9),0,0,122,NULL,4),
(259, 'Z Khan',12,259,27,18,'Right_Hand',dbo.CalculateBattingAverage(121,27),0,0,121,'Left-arm fast-medium',9),
(260, 'M Kartik',2,260,14,18,'Left_Hand',dbo.CalculateBattingAverage(119,14),0,0,119,'Slow left-arm orthodox',11),
(261, 'RJ Harris',11,261,21,5,'Right_Hand',dbo.CalculateBattingAverage(119,21),0,0,119,'Right-arm fast',12),
(262, 'DJ Harris',17,262,4,5,'Right_Hand',dbo.CalculateBattingAverage(119,4),0,0,119,'Right-arm medium',3),
(263, 'Harpreet Brar',9,263,9,2,NULL,dbo.CalculateBattingAverage(117,9),0,0,117,NULL,5),
(264, 'RJ Quiney',1,264,7,4,'Left_Hand',dbo.CalculateBattingAverage(114,7),0,1,114,'Right-arm medium',6),
(265, 'A Manohar',6,265,7,10,NULL,dbo.CalculateBattingAverage(112,7),0,0,112,NULL,NULL),
(266, 'Kuldeep Yadav',4,266,17,18,'Left_Hand',dbo.CalculateBattingAverage(111,17),0,0,111,'Slow left-arm chinaman',11),
(267, 'DS Kulkarni',10,267,20,2,'Right_Hand',dbo.CalculateBattingAverage(111,20),0,0,111,'Right-arm medium',13),
(268, 'LJ Wright',16,268,5,7,'Right_Hand',dbo.CalculateBattingAverage(110,5),0,0,110,'Right-arm medium-fast',2),
(269, 'JDP Oram',1,269,11,14,'Left_Hand',dbo.CalculateBattingAverage(110,11),0,0,110,'Right-arm fast-medium',10),
(270, 'RD Chahar',9,270,18,16,NULL,dbo.CalculateBattingAverage(110,18),0,0,110,NULL,12),
(271, 'MA Starc',2,271,11,4,'Left_Hand',dbo.CalculateBattingAverage(107,11),0,0,107,'Left-arm fast',7),
(272, 'MS Gony',11,272,15,2,'Right_Hand',dbo.CalculateBattingAverage(106,15),0,0,106,'Right-arm medium',9),
(273, 'SD Chitnis',11,273,8,7,'Right_Hand',dbo.CalculateBattingAverage(104,8),0,0,104,'Right-arm offbreak',4),
(274, 'AJ Tye',1,274,13,4,NULL,dbo.CalculateBattingAverage(104,13),0,0,104,NULL,4),
(275, 'RT Ponting',10,275,9,1,'Right_Hand',dbo.CalculateBattingAverage(104,9),0,0,104,'Right-arm medium',7),
(276, 'MJ Clarke',16,276,6,10,'Right_Hand',dbo.CalculateBattingAverage(104,6),0,0,104,'Slow left-arm orthodox',5),
(277, 'PR Shah',1,277,9,21,'Right_Hand',dbo.CalculateBattingAverage(104,9),0,0,104,NULL,5),
(278, 'Mohammed Siraj',2,278,17,3,NULL,dbo.CalculateBattingAverage(103,17),0,0,103,NULL,6),
(279, 'DJ Jacobs',10,279,7,2,'Right_Hand',dbo.CalculateBattingAverage(102,7),0,0,102,'Right-arm medium',NULL),
(280, 'CJ Ferguson',16,280,8,12,'Right_Hand',dbo.CalculateBattingAverage(101,8),0,0,101,'Right-arm medium',5),
(281, 'Iqbal Abdulla',2,281,13,3,'Left_Hand',dbo.CalculateBattingAverage(97,13),0,0,97,'Slow left-arm orthodox',10),
(282, 'S Rana',2,282,8,15,'Right_Hand',dbo.CalculateBattingAverage(96,8),0,0,96,'Right-arm medium-fast',5),
(283, 'SL Malinga',10,283,20,2,'Right_Hand',dbo.CalculateBattingAverage(95,20),0,0,95,'Right-arm fast',16),
(284, 'JDS Neesham',1,284,10,1,'Left_Hand',dbo.CalculateBattingAverage(95,10),0,0,95,'Right-arm medium',6),
(285, 'MJ McClenaghan',10,285,20,2,'Left_Hand',dbo.CalculateBattingAverage(92,20),0,0,92,'Left-arm fast-medium',8),
(286, 'AD Nath',2,286,10,NULL,'Right_Hand',dbo.CalculateBattingAverage(91,10),0,0,91,'Right-arm medium-fast',3),
(287, 'AP Majumdar',16,287,4,4,'Right_Hand',dbo.CalculateBattingAverage(90,4),0,0,90,'Legbreak googly',4),
(288, 'Ankit Sharma',13,288,10,2,'Left_Hand',dbo.CalculateBattingAverage(89,10),0,0,89,'Slow left-arm orthodox',6),
(289, 'RE Levi',10,289,6,4,'Right_Hand',dbo.CalculateBattingAverage(89,6),0,1,89,'Right-arm medium',4),
(290, 'LA Carseldine',1,290,5,NULL,'Left_Hand',dbo.CalculateBattingAverage(87,5),0,0,87,'Left-arm medium',6),
(291, 'JR Philippe',2,291,5,10,NULL,dbo.CalculateBattingAverage(86,5),0,0,86,NULL,4),
(292, 'NM Coulter-Nile',1,292,16,10,'Right_Hand',dbo.CalculateBattingAverage(86,16),0,0,86,'Right-arm fast',5),
(293, 'DL Chahar',5,293,11,2,'Right_Hand',dbo.CalculateBattingAverage(85,11),0,0,85,'Right-arm medium',3),
(294, 'IR Jaggi',8,294,7,NULL,'Right_Hand',dbo.CalculateBattingAverage(84,7),0,0,84,'Legbreak googly',5),
(295, 'WPUJC Vaas',17,295,11,4,'Left_Hand',dbo.CalculateBattingAverage(84,11),0,0,84,'Left-arm fast-medium',6),
(296, 'Shahid Afridi',17,296,9,2,'Right_Hand',dbo.CalculateBattingAverage(82,9),0,0,82,'Legbreak googly',3),
(297, 'AD Mascarenhas',11,297,11,3,'Right_Hand',dbo.CalculateBattingAverage(81,11),0,0,81,'Right-arm fast-medium',4),
(298, 'B Akhil',17,298,11,13,'Right_Hand',dbo.CalculateBattingAverage(80,11),0,0,80,'Right-arm medium-fast',7),
(299, 'CJ Jordan',5,299,10,NULL,'Right_Hand',dbo.CalculateBattingAverage(80,10),0,0,80,'Right-arm fast-medium',5),
(300, 'TR Birt',12,300,5,1,'Left_Hand',dbo.CalculateBattingAverage(79,5),0,0,79,'Right-arm medium',3),
(301, 'AA Bilakhia',17,301,7,6,'Right_Hand',dbo.CalculateBattingAverage(78,7),0,0,78,'Right-arm medium',3),
(302, 'CR Woakes',4,302,12,NULL,NULL,dbo.CalculateBattingAverage(78,12),0,0,78,NULL,6),
(303, 'N Jagadeesan',5,303,4,1,NULL,dbo.CalculateBattingAverage(78,4),0,0,78,NULL,3),
(304, 'RR Sarwan',11,304,4,NULL,'Right_Hand',dbo.CalculateBattingAverage(77,4),0,0,77,'Legbreak',1),
(305, 'M Klinger',17,305,4,17,'Right_Hand',dbo.CalculateBattingAverage(77,4),0,0,77,NULL,4),
(306, 'J Suchith',3,306,9,6,'Left_Hand',dbo.CalculateBattingAverage(76,9),0,0,76,'Slow left-arm orthodox',7),
(307, 'WD Parnell',12,307,12,13,'Left_Hand',dbo.CalculateBattingAverage(74,12),0,0,74,'Left-arm medium-fast',6),
(308, 'Mohammed Shami',9,308,21,3,'Right_Hand',dbo.CalculateBattingAverage(72,21),0,0,72,'Right-arm fast-medium',9),
(309, 'A Flintoff',5,309,3,5,'Right_Hand',dbo.CalculateBattingAverage(72,3),0,0,72,'Right-arm fast-medium',3),
(310, 'SS Prabhudessai',2,310,5,5,NULL,dbo.CalculateBattingAverage(72,5),0,0,72,NULL,1),
(311, 'LH Ferguson',6,311,6,10,NULL,dbo.CalculateBattingAverage(71,6),0,0,71,NULL,5),
(312, 'R Sharma',16,312,19,3,'Right_Hand',dbo.CalculateBattingAverage(71,19),0,0,71,'Right-arm offbreak',6),
(313, 'Shashank Singh',3,313,5,1,NULL,dbo.CalculateBattingAverage(70,5),0,0,70,NULL,5),
(314, 'Mohammad Hafeez',8,314,8,2,'Right_Hand',dbo.CalculateBattingAverage(69,8),0,0,69,'Right-arm offbreak',2),
(315, 'KA Jamieson',2,315,7,4,NULL,dbo.CalculateBattingAverage(69,7),0,0,69,NULL,7),
(316, 'H Klaasen',2,316,6,5,NULL,dbo.CalculateBattingAverage(68,6),0,0,68,NULL,6),
(317, 'RR Powar',17,317,9,3,'Right_Hand',dbo.CalculateBattingAverage(68,9),0,0,68,'Right-arm offbreak',5),
(318, 'Anirudh Singh',17,318,4,2,'Left_Hand',dbo.CalculateBattingAverage(66,4),0,0,66,'Right-arm medium',5),
(319, 'P Simran Singh',9,319,6,5,NULL,dbo.CalculateBattingAverage(65,6),0,0,65,NULL,2),
(320, 'S Aravind',2,320,10,12,'Left_Hand',dbo.CalculateBattingAverage(64,10),0,0,64,'Left-arm medium-fast',10),
(321, 'KB Arun Karthik',2,321,8,4,'Right_Hand',dbo.CalculateBattingAverage(64,8),0,0,64,'Legbreak googly',2),
(322, 'MJ Santner',5,322,6,NULL,NULL,dbo.CalculateBattingAverage(64,6),0,0,64,NULL,4),
(323, 'R Shepherd',3,323,3,5,NULL,dbo.CalculateBattingAverage(63,3),0,0,63,NULL,4),
(324, 'WA Mota',11,324,8,7,'Right_Hand',dbo.CalculateBattingAverage(63,8),0,0,63,'Right-arm medium',4),
(325, 'SP Jackson',8,325,8,3,NULL,dbo.CalculateBattingAverage(61,8),0,0,61,NULL,4),
(326, 'RV Gomez',16,326,9,11,'Right_Hand',dbo.CalculateBattingAverage(60,9),0,0,60,'Right-arm medium',4),
(327, 'JJ Bumrah',10,327,22,27,'Right_Hand',dbo.CalculateBattingAverage(60,22),0,0,60,'Right-arm medium',10),
(328, 'RP Singh',10,328,28,16,'Right_Hand',dbo.CalculateBattingAverage(59,28),0,0,59,'Left-arm fast-medium',15),
(329, 'M Rawat',16,329,11,2,'Right_Hand',dbo.CalculateBattingAverage(59,11),0,0,59,NULL,10),
(330, 'A Chopra',8,330,6,2,'Right_Hand',dbo.CalculateBattingAverage(58,6),0,0,58,'Right-arm offbreak',3),
(331, 'OF Smith',9,331,6,16,NULL,dbo.CalculateBattingAverage(58,6),0,0,58,NULL,6),
(332, 'I Sharma',4,332,18,10,'Right_Hand',dbo.CalculateBattingAverage(58,18),0,0,58,'Right-arm fast-medium',9),
(333, 'Sandeep Sharma',3,333,23,6,'Right_Hand',dbo.CalculateBattingAverage(58,23),0,0,58,'Right-arm medium',13),
(334, 'Shoaib Malik',12,334,5,4,'Right_Hand',dbo.CalculateBattingAverage(57,5),0,0,57,'Right-arm offbreak',3),
(335, 'R Rampaul',2,335,7,1,'Left_Hand',dbo.CalculateBattingAverage(56,7),0,0,56,'Right-arm fast-medium',2),
(336, 'AG Paunikar',1,336,5,24,'Right_Hand',dbo.CalculateBattingAverage(56,5),0,0,56,NULL,1),
(337, 'TA Boult',1,337,14,16,'Right_Hand',dbo.CalculateBattingAverage(54,14),0,0,54,'Left-arm fast-medium',4),
(338, 'Shivam Mavi',8,338,11,3,NULL,dbo.CalculateBattingAverage(54,11),0,0,54,NULL,7),
(339, 'RR Rossouw',2,339,5,2,'Left_Hand',dbo.CalculateBattingAverage(54,5),0,0,54,'Right-arm offbreak',4),
(340, 'DJ Thornely',10,340,4,2,'Right_Hand',dbo.CalculateBattingAverage(53,4),0,0,53,'Right-arm medium',3),
(341, 'SB Bangar',8,341,7,1,'Right_Hand',dbo.CalculateBattingAverage(53,7),0,0,53,'Right-arm medium-fast',4),
(342, 'AS Yadav',17,342,6,3,NULL,dbo.CalculateBattingAverage(52,6),0,0,52,NULL,3),
(343, 'VR Aaron',1,343,12,NULL,'Right_Hand',dbo.CalculateBattingAverage(52,12),0,0,52,'Right-arm fast',7),
(344, 'Ramandeep Singh',10,344,4,17,NULL,dbo.CalculateBattingAverage(50,4),0,0,50,NULL,3),
(345, 'A Nehra',3,345,17,3,'Right_Hand',dbo.CalculateBattingAverage(49,17),0,0,49,'Left-arm medium-fast',4),
(346, 'Yashpal Singh',8,346,4,2,'Right_Hand',dbo.CalculateBattingAverage(49,4),0,0,49,'Right-arm medium',2),
(347, 'PVD Chameera',7,347,7,10,NULL,dbo.CalculateBattingAverage(48,7),0,0,48,NULL,5),
(348, 'DR Sams',10,348,13,12,NULL,dbo.CalculateBattingAverage(48,13),0,0,48,NULL,5),
(349, 'SK Trivedi',1,349,14,11,'Right_Hand',dbo.CalculateBattingAverage(47,14),0,0,47,'Right-arm medium',6),
(350, 'S Nadeem',3,350,20,1,'Right_Hand',dbo.CalculateBattingAverage(46,20),0,0,46,'Slow left-arm orthodox',18),
(351, 'PWH de Silva',2,351,9,NULL,NULL,dbo.CalculateBattingAverage(45,9),0,0,45,NULL,3),
(352, 'Umar Gul',8,352,4,4,'Right_Hand',dbo.CalculateBattingAverage(44,4),0,0,44,'Right-arm fast-medium',1),
(353, 'BR Dunk',10,353,3,2,'Left_Hand',dbo.CalculateBattingAverage(44,3),0,0,44,NULL,2),
(354, 'D Pretorius',5,354,5,3,NULL,dbo.CalculateBattingAverage(44,5),0,0,44,NULL,1),
(355, 'S Sreesanth',1,355,12,1,'Right_Hand',dbo.CalculateBattingAverage(44,12),0,0,44,'Right-arm fast-medium',9),
(356, 'Sunny Singh',11,356,5,2,'Right_Hand',dbo.CalculateBattingAverage(44,5),0,0,44,'Right-arm medium-fast',2),
(357, 'HR Shokeen',10,357,2,NULL,NULL,dbo.CalculateBattingAverage(44,2),0,0,44,NULL,1),
(358, 'AB Barath',11,358,3,21,'Right_Hand',dbo.CalculateBattingAverage(44,3),0,0,44,'Right-arm offbreak',1),
(359, 'YS Chahal',1,359,17,3,'Right_Hand',dbo.CalculateBattingAverage(43,17),0,0,43,'Legbreak googly',9),
(360, 'LPC Silva',17,360,3,9,'Right_Hand',dbo.CalculateBattingAverage(43,3),0,0,43,'Legbreak',2),
(361, 'A Kumble',2,361,15,2,'Right_Hand',dbo.CalculateBattingAverage(42,15),0,0,42,'Legbreak googly',8),
(362, 'AUK Pathan',2,362,7,5,'Right_Hand',dbo.CalculateBattingAverage(42,7),0,0,42,'Right-arm medium',1),
(363, 'J Yadav',10,363,4,9,'Right_Hand',dbo.CalculateBattingAverage(42,4),0,0,42,'Right-arm offbreak',3),
(364, 'L Balaji',11,364,13,5,'Right_Hand',dbo.CalculateBattingAverage(41,13),0,0,41,'Right-arm medium-fast',2),
(365, 'Anureet Singh',1,365,8,12,'Right_Hand',dbo.CalculateBattingAverage(40,8),0,0,40,'Right-arm medium',6),
(366, 'MM Patel',14,366,12,4,'Right_Hand',dbo.CalculateBattingAverage(40,12),0,0,40,'Right-arm medium-fast',8),
(367, 'Sohail Tanvir',1,367,5,NULL,'Left_Hand',dbo.CalculateBattingAverage(40,5),0,0,40,'Left-arm medium-fast',3),
(368, 'S Sriram',12,368,2,1,'Left_Hand',dbo.CalculateBattingAverage(39,2),0,0,39,'Slow left-arm orthodox',1),
(369, 'S Narwal',8,369,4,2,'Left_Hand',dbo.CalculateBattingAverage(39,4),0,0,39,'Right-arm medium',1),
(370, 'AN Ahmed',2,370,6,1,'Right_Hand',dbo.CalculateBattingAverage(38,6),0,0,38,'Right-arm medium-fast',3),
(371, 'RJ Peterson',10,371,5,7,'Left_Hand',dbo.CalculateBattingAverage(37,5),0,0,37,'Slow left-arm orthodox',2),
(372, 'A Mithun',2,372,6,4,'Right_Hand',dbo.CalculateBattingAverage(37,6),0,0,37,'Right-arm medium',2),
(373, 'L Ronchi',10,373,5,5,'Right_Hand',dbo.CalculateBattingAverage(37,5),0,0,37,NULL,3),
(374, 'KW Richardson',2,374,4,3,'Right_Hand',dbo.CalculateBattingAverage(36,4),0,0,36,'Right-arm fast-medium',2),
(375, 'NS Naik',8,375,4,4,'Right_Hand',dbo.CalculateBattingAverage(36,4),0,0,36,NULL,2),
(376, 'B Sumanth',17,376,4,4,'Right_Hand',dbo.CalculateBattingAverage(36,4),0,0,36,'Right-arm medium-fast',4),
(377, 'Basil Thampi',3,377,7,5,NULL,dbo.CalculateBattingAverage(36,7),0,0,36,NULL,2),
(378, 'Joginder Sharma',5,378,5,2,'Right_Hand',dbo.CalculateBattingAverage(36,5),0,0,36,'Right-arm fast-medium',1),
(379, 'AP Dole',1,379,2,8,'Right_Hand',dbo.CalculateBattingAverage(35,2),0,0,35,'Right-arm medium-fast',NULL),
(380, 'Navdeep Saini',1,380,7,2,NULL,dbo.CalculateBattingAverage(35,7),0,0,35,NULL,4),
(381, 'DJ Mitchell',1,381,2,7,NULL,dbo.CalculateBattingAverage(35,2),0,0,35,NULL,1),
(382, 'M Ashwin',10,382,12,2,'Right_Hand',dbo.CalculateBattingAverage(35,12),0,0,35,'Legbreak googly',7),
(383, 'AT Carey',4,383,3,8,NULL,dbo.CalculateBattingAverage(34,3),0,0,34,NULL,1),
(384, 'PJ Sangwan',6,384,14,8,'Right_Hand',dbo.CalculateBattingAverage(34,14),0,0,34,'Left-arm medium',5),
(385, 'Imran Tahir',5,385,8,2,'Right_Hand',dbo.CalculateBattingAverage(34,8),0,0,34,'Legbreak googly',6),
(386, 'RV Patel',4,386,3,2,NULL,dbo.CalculateBattingAverage(33,3),0,0,33,NULL,1),
(387, 'D Salunkhe',1,387,3,5,'Right_Hand',dbo.CalculateBattingAverage(33,3),0,0,33,'Legbreak',3),
(388, 'M Markande',10,388,7,1,NULL,dbo.CalculateBattingAverage(31,7),0,0,31,NULL,1),
(389, 'TL Seifert',4,389,3,1,NULL,dbo.CalculateBattingAverage(31,3),0,0,31,NULL,NULL),
(390, 'T Taibu',8,390,3,6,'Right_Hand',dbo.CalculateBattingAverage(31,3),0,0,31,'Right-arm medium',1),
(391, 'Avesh Khan',7,391,6,7,NULL,dbo.CalculateBattingAverage(31,6),0,0,31,NULL,3),
(392, 'AB Dinda',13,392,16,1,'Right_Hand',dbo.CalculateBattingAverage(30,16),0,0,30,'Right-arm medium-fast',5),
(393, 'J Syed Mohammad',2,393,5,2,'Left_Hand',dbo.CalculateBattingAverage(30,5),0,0,30,'Slow left-arm orthodox',1),
(394, 'ER Dwivedi',14,394,2,19,'Right_Hand',dbo.CalculateBattingAverage(29,2),0,0,29,NULL,NULL),
(395, 'SB Jakati',14,395,5,NULL,'Left_Hand',dbo.CalculateBattingAverage(29,5),0,0,29,'Slow left-arm orthodox',9),
(396, 'VH Zol',2,396,2,1,'Left_Hand',dbo.CalculateBattingAverage(29,2),0,0,29,'Right-arm offbreak',2),
(397, 'Anmolpreet Singh',10,397,3,6,NULL,dbo.CalculateBattingAverage(29,3),0,0,29,NULL,1),
(398, 'Arshdeep Singh',9,398,9,1,NULL,dbo.CalculateBattingAverage(28,9),0,0,28,NULL,2),
(399, 'NL McCullum',16,399,2,1,'Right_Hand',dbo.CalculateBattingAverage(28,2),0,0,28,'Right-arm offbreak',3),
(400, 'DJ Malan',9,400,1,5,NULL,dbo.CalculateBattingAverage(27,1),0,0,27,NULL,NULL),
(401, 'CV Varun',8,401,8,1,NULL,dbo.CalculateBattingAverage(27,8),0,0,27,NULL,5),
(402, 'JM Kemp',5,402,2,NULL,'Right_Hand',dbo.CalculateBattingAverage(27,2),0,0,27,'Right-arm fast-medium',1),
(403, 'MA Khote',10,403,3,1,'Right_Hand',dbo.CalculateBattingAverage(27,3),0,0,27,'Right-arm medium',2),
(404, 'GD Phillips',1,404,3,NULL,NULL,dbo.CalculateBattingAverage(27,3),0,0,27,NULL,1),
(405, 'S Chanderpaul',2,405,3,3,'Left_Hand',dbo.CalculateBattingAverage(27,3),0,0,27,'Legbreak',1),
(406, 'AS Rajpoot',1,406,7,1,'Right_Hand',dbo.CalculateBattingAverage(27,7),0,0,27,'Right-arm medium',4),
(407, 'Mohsin Khan',7,407,3,3,NULL,dbo.CalculateBattingAverage(26,3),0,0,26,NULL,2),
(408, 'DJ Willey',2,408,2,NULL,NULL,dbo.CalculateBattingAverage(25,2),0,0,25,NULL,1),
(409, 'HE van der Dussen',1,409,3,7,NULL,dbo.CalculateBattingAverage(25,3),0,0,25,NULL,3),
(410, 'AF Milne',10,410,6,NULL,'Right_Hand',dbo.CalculateBattingAverage(25,6),0,0,25,'Right-arm fast',6),
(411, 'A Choudhary',2,411,3,NULL,NULL,dbo.CalculateBattingAverage(25,3),0,0,25,NULL,3),
(412, 'J Arunkumar',2,412,3,6,'Right_Hand',dbo.CalculateBattingAverage(25,3),0,0,25,'Right-arm offbreak',1),
(413, 'DE Bollinger',5,413,4,2,'Left_Hand',dbo.CalculateBattingAverage(24,4),0,0,24,'Left-arm fast-medium',1),
(414, 'KC Cariappa',8,414,5,2,'Right_Hand',dbo.CalculateBattingAverage(24,5),0,0,24,'Legbreak',2),
(415, 'BMAJ Mendis',12,415,3,5,'Left_Hand',dbo.CalculateBattingAverage(23,3),0,0,23,'Legbreak',3),
(416, 'SW Tait',1,416,5,9,'Right_Hand',dbo.CalculateBattingAverage(23,5),0,0,23,'Right-arm fast',3),
(417, 'KL Nagarkoti',8,417,7,NULL,NULL,dbo.CalculateBattingAverage(23,7),0,0,23,NULL,2),
(418, 'SA Abbott',3,418,3,14,'Right_Hand',dbo.CalculateBattingAverage(23,3),0,0,23,'Right-arm fast-medium',2),
(419, 'M Muralitharan',2,419,9,6,'Right_Hand',dbo.CalculateBattingAverage(22,9),0,0,22,'Right-arm offbreak',3),
(420, 'KMA Paul',4,420,5,4,NULL,dbo.CalculateBattingAverage(22,5),0,0,22,NULL,3),
(421, 'GB Hogg',8,421,4,1,'Left_Hand',dbo.CalculateBattingAverage(22,4),0,0,22,'Slow left-arm chinaman',4),
(422, 'B Indrajith',8,422,3,14,NULL,dbo.CalculateBattingAverage(22,3),0,0,22,NULL,1),
(423, 'PP Ojha',10,423,19,NULL,'Left_Hand',dbo.CalculateBattingAverage(22,19),0,0,22,'Slow left-arm orthodox',11),
(424, 'C Madan',10,424,1,NULL,'Right_Hand',dbo.CalculateBattingAverage(22,1),0,0,22,NULL,NULL),
(425, 'DR Martyn',1,425,1,6,'Right_Hand',dbo.CalculateBattingAverage(21,1),0,0,21,'Right-arm medium',2),
(426, 'VY Mahesh',12,426,5,2,'Right_Hand',dbo.CalculateBattingAverage(21,5),0,0,21,'Right-arm medium-fast',7),
(427, 'TU Deshpande',4,427,2,3,NULL,dbo.CalculateBattingAverage(21,2),0,0,21,NULL,2),
(428, 'AC Thomas',16,428,4,NULL,'Right_Hand',dbo.CalculateBattingAverage(20,4),0,0,20,'Right-arm fast-medium',1),
(429, 'P Ray Barman',2,429,1,1,NULL,dbo.CalculateBattingAverage(20,1),0,0,20,NULL,NULL),
(430, 'AS Joseph',6,430,4,8,NULL,dbo.CalculateBattingAverage(20,4),0,0,20,NULL,3),
(431, 'S Kaul',3,431,9,NULL,'Right_Hand',dbo.CalculateBattingAverage(20,9),0,0,20,'Right-arm medium',4),
(432, 'T Banton',8,432,2,3,NULL,dbo.CalculateBattingAverage(20,2),0,0,20,NULL,1),
(433, 'RR Raje',10,433,5,3,'Right_Hand',dbo.CalculateBattingAverage(20,5),0,0,20,'Right-arm fast-medium',2),
(434, 'A Mukund',2,434,2,2,'Left_Hand',dbo.CalculateBattingAverage(20,2),0,0,20,'Legbreak googly',1),
(435, 'Harpreet Singh',16,435,3,2,'Left_Hand',dbo.CalculateBattingAverage(20,3),0,0,20,'Right-arm medium',2),
(436, 'Y Gnaneswara Rao',17,436,1,NULL,'Right_Hand',dbo.CalculateBattingAverage(20,1),0,0,20,'Right-arm medium',NULL),
(437, 'DS Lehmann',1,437,2,1,'Left_Hand',dbo.CalculateBattingAverage(20,2),0,0,20,'Slow left-arm orthodox',NULL),
(438, 'NJ Maddinson',2,438,3,1,'Left_Hand',dbo.CalculateBattingAverage(20,3),0,0,20,'Slow left-arm orthodox',NULL),
(439, 'PV Tambe',14,439,6,NULL,'Right_Hand',dbo.CalculateBattingAverage(20,6),0,0,20,'Legbreak',4),
(440, 'P Sahu',11,440,2,NULL,'Right_Hand',dbo.CalculateBattingAverage(19,2),0,0,19,'Legbreak googly',2),
(441, 'Vishnu Vinod',2,441,3,4,NULL,dbo.CalculateBattingAverage(19,3),0,0,19,NULL,1),
(442, 'CK Kapugedera',5,442,3,NULL,'Right_Hand',dbo.CalculateBattingAverage(19,3),0,0,19,'Right-arm medium',1),
(443, 'JJ van der Wath',2,443,3,1,'Right_Hand',dbo.CalculateBattingAverage(19,3),0,0,19,'Right-arm medium-fast',2),
(444, 'NT Ellis',9,444,3,1,NULL,dbo.CalculateBattingAverage(19,3),0,0,19,NULL,NULL),
(445, 'JR Hazlewood',2,445,5,3,NULL,dbo.CalculateBattingAverage(19,5),0,0,19,NULL,3),
(446, 'R Shukla',12,446,4,1,'Right_Hand',dbo.CalculateBattingAverage(19,4),0,0,19,'Right-arm medium',1),
(447, 'R Bishnoi',2,447,3,3,'Right_Hand',dbo.CalculateBattingAverage(19,3),0,0,19,'Right-arm medium-fast',NULL),
(448, 'Harmeet Singh',11,448,4,6,'Left_Hand',dbo.CalculateBattingAverage(18,4),0,0,18,'Slow left-arm orthodox',5),
(449, 'C Sakariya',1,449,5,3,NULL,dbo.CalculateBattingAverage(18,5),0,0,18,NULL,5),
(450, 'Parvez Rasool',2,450,4,NULL,'Right_Hand',dbo.CalculateBattingAverage(18,4),0,0,18,'Right-arm offbreak',3),
(451, 'BJ Haddin',8,451,1,6,'Right_Hand',dbo.CalculateBattingAverage(18,1),0,0,18,NULL,NULL),
(452, 'DR Shorey',5,452,2,1,NULL,dbo.CalculateBattingAverage(16,2),0,0,16,NULL,1),
(453, 'JA Richardson',9,453,2,2,NULL,dbo.CalculateBattingAverage(16,2),0,0,16,NULL,NULL),
(454, 'Virat Singh',3,454,2,NULL,NULL,dbo.CalculateBattingAverage(16,2),0,0,16,NULL,NULL),
(455, 'MDKJ Perera',1,455,2,NULL,'Left_Hand',dbo.CalculateBattingAverage(15,2),0,0,15,NULL,NULL),
(456, 'TD Paine',16,456,2,2,'Right_Hand',dbo.CalculateBattingAverage(15,2),0,0,15,'Right-arm medium',2),
(457, 'S Badree',2,457,5,3,'Right_Hand',dbo.CalculateBattingAverage(15,5),0,0,15,'Legbreak',2),
(458, 'I Udana',2,458,4,2,NULL,dbo.CalculateBattingAverage(15,4),0,0,15,NULL,1),
(459, 'FA Allen',10,459,3,NULL,NULL,dbo.CalculateBattingAverage(15,3),0,0,15,NULL,NULL),
(460, 'GR Napier',10,460,1,2,'Right_Hand',dbo.CalculateBattingAverage(15,1),0,0,15,'Right-arm medium',NULL),
(461, 'JL Pattinson',10,461,2,NULL,NULL,dbo.CalculateBattingAverage(15,2),0,0,15,NULL,2),
(462, 'SD Lad',10,462,1,1,NULL,dbo.CalculateBattingAverage(15,1),0,0,15,NULL,NULL),
(463, 'F Behardien',11,463,3,2,'Right_Hand',dbo.CalculateBattingAverage(14,3),0,0,14,'Right-arm fast-medium',1),
(464, 'Mujeeb Ur Rahman',3,464,6,3,NULL,dbo.CalculateBattingAverage(14,6),0,0,14,NULL,3),
(465, 'Kartik Tyagi',3,465,6,2,NULL,dbo.CalculateBattingAverage(14,6),0,0,14,NULL,5),
(466, 'DT Patil',2,466,2,NULL,'Right_Hand',dbo.CalculateBattingAverage(13,2),0,0,13,NULL,1),
(467, 'DNT Zoysa',17,467,2,3,'Left_Hand',dbo.CalculateBattingAverage(13,2),0,0,13,'Left-arm fast-medium',2),
(468, 'T Thushara',5,468,4,2,'Left_Hand',dbo.CalculateBattingAverage(13,4),0,0,13,'Left-arm fast-medium',2),
(469, 'SM Harwood',1,469,2,NULL,'Right_Hand',dbo.CalculateBattingAverage(13,2),0,0,13,'Right-arm fast-medium',NULL),
(470, 'KJ Abbott',11,470,3,1,'Right_Hand',dbo.CalculateBattingAverage(13,3),0,0,13,'Right-arm fast-medium',NULL),
(471, 'M Ntini',5,471,2,NULL,'Right_Hand',dbo.CalculateBattingAverage(12,2),0,0,12,'Right-arm fast',NULL),
(472, 'Swapnil Singh',11,472,3,NULL,'Right_Hand',dbo.CalculateBattingAverage(12,3),0,0,12,'Slow left-arm orthodox',2),
(473, 'T Henderson',1,473,2,1,'Right_Hand',dbo.CalculateBattingAverage(12,2),0,0,12,'Right-arm fast-medium',2),
(474, 'K Upadhyay',16,474,2,4,'Right_Hand',dbo.CalculateBattingAverage(12,2),0,0,12,'Right-arm medium',1),
(475, 'BB Sran',10,475,7,1,'Left_Hand',dbo.CalculateBattingAverage(12,7),0,0,12,'Left-arm medium',5),
(476, 'DAJ Bracewell',12,476,1,5,'Right_Hand',dbo.CalculateBattingAverage(12,1),0,0,12,'Right-arm fast-medium',1),
(477, 'T Kohli',11,477,3,1,'Right_Hand',dbo.CalculateBattingAverage(12,3),0,0,12,'Right-arm medium',1),
(478, 'Rasikh Salam',8,478,2,NULL,NULL,dbo.CalculateBattingAverage(12,2),0,0,12,NULL,2),
(479, 'AR Bawne',12,479,1,3,NULL,dbo.CalculateBattingAverage(12,1),0,0,12,NULL,1),
(480, 'AA Chavan',1,480,3,4,'Left_Hand',dbo.CalculateBattingAverage(12,3),0,0,12,'Slow left-arm orthodox',2),
(481, 'Mustafizur Rahman',4,481,5,2,'Left_Hand',dbo.CalculateBattingAverage(12,5),0,0,12,'Left-arm fast-medium',3),
(482, 'Karanveer Singh',11,482,4,NULL,'Right_Hand',dbo.CalculateBattingAverage(12,4),0,0,12,'Legbreak googly',1),
(483, 'AA Noffke',2,483,1,NULL,'Right_Hand',dbo.CalculateBattingAverage(11,1),0,0,11,'Right-arm fast-medium',1),
(484, 'M Theekshana',5,484,2,1,NULL,dbo.CalculateBattingAverage(11,2),0,0,11,NULL,NULL),
(485, 'J Theron',1,485,4,2,'Right_Hand',dbo.CalculateBattingAverage(11,4),0,0,11,'Right-arm medium-fast',1),
(486, 'SMSM Senanayake',8,486,4,NULL,'Right_Hand',dbo.CalculateBattingAverage(11,4),0,0,11,'Right-arm offbreak',3),
(487, 'RA Bawa',9,487,2,NULL,NULL,dbo.CalculateBattingAverage(11,2),0,0,11,NULL,1),
(488, 'X Thalaivan Sargunam',3,488,1,4,'Right_Hand',dbo.CalculateBattingAverage(10,1),0,0,10,'Right-arm offbreak',NULL),
(489, 'M Jansen',3,489,4,1,NULL,dbo.CalculateBattingAverage(10,4),0,0,10,NULL,1),
(490, 'KAJ Roach',17,490,1,NULL,'Right_Hand',dbo.CalculateBattingAverage(10,1),0,0,10,'Right-arm fast',1),
(491, 'D du Preez',2,491,1,3,'Right_Hand',dbo.CalculateBattingAverage(10,1),0,0,10,'Right-arm fast-medium',2),
(492, 'AG Murtaza',16,492,3,NULL,'Left_Hand',dbo.CalculateBattingAverage(10,3),0,0,10,'Slow left-arm orthodox',NULL),
(493, 'IS Sodhi',1,493,2,2,NULL,dbo.CalculateBattingAverage(10,2),0,0,10,NULL,NULL),
(494, 'VS Malik',1,494,2,1,'Right_Hand',dbo.CalculateBattingAverage(9,2),0,0,9,'Right-arm medium',NULL),
(495, 'TS Mills',10,495,5,1,NULL,dbo.CalculateBattingAverage(9,5),0,0,9,NULL,2),
(496, 'Ankit Soni',14,496,3,1,NULL,dbo.CalculateBattingAverage(9,3),0,0,9,NULL,NULL),
(497, 'UA Birla',16,497,1,7,'Right_Hand',dbo.CalculateBattingAverage(9,1),0,0,9,'Right-arm medium',NULL),
(498, 'Ravi Bishnoi',7,498,4,7,NULL,dbo.CalculateBattingAverage(9,4),0,0,9,NULL,4),
(499, 'A Nortje',4,499,4,9,NULL,dbo.CalculateBattingAverage(9,4),0,0,9,NULL,2),
(500, 'M Prasidh Krishna',1,500,7,NULL,NULL,dbo.CalculateBattingAverage(9,7),0,0,9,NULL,6),
(501, 'Jaskaran Singh',17,501,4,1,'Right_Hand',dbo.CalculateBattingAverage(8,4),0,0,8,'Right-arm medium',2),
(502, 'OC McCoy',1,502,1,1,NULL,dbo.CalculateBattingAverage(8,1),0,0,8,NULL,1),
(503, 'P Chopra',1,503,1,2,NULL,dbo.CalculateBattingAverage(8,1),0,0,8,NULL,NULL),
(504, 'TM Srivastava',11,504,3,1,'Left_Hand',dbo.CalculateBattingAverage(8,3),0,0,8,'Right-arm medium',NULL),
(505, 'P Dubey',4,505,1,NULL,NULL,dbo.CalculateBattingAverage(8,1),0,0,8,NULL,2),
(506, 'CJ McKay',10,506,1,NULL,'Right_Hand',dbo.CalculateBattingAverage(8,1),0,0,8,'Right-arm fast-medium',NULL),
(507, 'RK Bhui',3,507,2,NULL,NULL,dbo.CalculateBattingAverage(8,2),0,0,8,NULL,NULL),
(508, 'CK Langeveldt',2,508,2,NULL,'Right_Hand',dbo.CalculateBattingAverage(8,2),0,0,8,'Right-arm fast-medium',1),
(509, 'SB Joshi',2,509,2,4,'Left_Hand',dbo.CalculateBattingAverage(8,2),0,0,8,'Slow left-arm orthodox',NULL),
(510, 'JPR Scantlebury-Searles',8,510,2,1,NULL,dbo.CalculateBattingAverage(8,2),0,0,8,NULL,NULL),
(511, 'Simarjeet Singh',5,511,3,NULL,NULL,dbo.CalculateBattingAverage(7,3),0,0,7,NULL,1),
(512, 'I Malhotra',17,512,1,1,'Right_Hand',dbo.CalculateBattingAverage(7,1),0,0,7,'Right-arm medium-fast',NULL),
(513, 'AN Ghosh',8,513,2,2,'Right_Hand',dbo.CalculateBattingAverage(7,2),0,0,7,'Right-arm medium',NULL),
(514, 'Pankaj Singh',2,514,5,2,'Right_Hand',dbo.CalculateBattingAverage(7,5),0,0,7,'Right-arm medium-fast',NULL),
(515, 'SS Shaikh',8,515,1,3,'Right_Hand',dbo.CalculateBattingAverage(6,1),0,0,6,'Right-arm medium',1),
(516, 'KMDN Kulasekara',5,516,1,NULL,'Right_Hand',dbo.CalculateBattingAverage(6,1),0,0,6,'Right-arm fast-medium',1),
(517, 'PSP Handscomb',13,517,1,3,'Right_Hand',dbo.CalculateBattingAverage(6,1),0,0,6,NULL,NULL),
(518, 'Mukesh Choudhary',5,518,2,NULL,NULL,dbo.CalculateBattingAverage(6,2),0,0,6,NULL,2),
(519, 'DM Bravo',8,519,1,1,NULL,dbo.CalculateBattingAverage(6,1),0,0,6,NULL,1),
(520, 'VG Arora',9,520,4,NULL,NULL,dbo.CalculateBattingAverage(6,4),0,0,6,NULL,1),
(521, 'GC Viljoen',11,521,3,NULL,NULL,dbo.CalculateBattingAverage(6,3),0,0,6,NULL,NULL),
(522, 'BA Bhatt',11,522,2,2,'Left_Hand',dbo.CalculateBattingAverage(6,2),0,0,6,'Slow left-arm orthodox',1),
(523, 'Mohammad Ashraful',10,523,1,2,'Right_Hand',dbo.CalculateBattingAverage(5,1),0,0,5,'Right-arm offbreak',NULL),
(524, 'SJ Srivastava',11,524,4,3,'Right_Hand',dbo.CalculateBattingAverage(5,4),0,0,5,'Left-arm fast-medium',1),
(525, 'Umran Malik',3,525,4,1,NULL,dbo.CalculateBattingAverage(5,4),0,0,5,NULL,1),
(526, 'B Laughlin',1,526,4,1,'Right_Hand',dbo.CalculateBattingAverage(5,4),0,0,5,'Right-arm fast-medium',1),
(527, 'Shivam Sharma',11,527,2,1,'Right_Hand',dbo.CalculateBattingAverage(5,2),0,0,5,'Right-arm offbreak',NULL),
(528, 'A Zampa',13,528,2,3,'Right_Hand',dbo.CalculateBattingAverage(5,2),0,0,5,'Legbreak googly',1),
(529, 'VRV Singh',11,529,2,4,'Right_Hand',dbo.CalculateBattingAverage(5,2),0,0,5,'Right-arm medium-fast',1),
(530, 'P Awana',11,530,5,NULL,'Right_Hand',dbo.CalculateBattingAverage(5,5),0,0,5,'Right-arm medium',1),
(531, 'Aman Hakim Khan',8,531,1,1,NULL,dbo.CalculateBattingAverage(5,1),0,0,5,NULL,NULL),
(532, 'B Stanlake',3,532,1,1,NULL,dbo.CalculateBattingAverage(5,1),0,0,5,NULL,NULL),
(533, 'R Ninan',2,533,1,NULL,'Right_Hand',dbo.CalculateBattingAverage(4,1),0,0,4,'Right-arm offbreak',NULL),
(534, 'AJ Turner',1,534,4,2,NULL,dbo.CalculateBattingAverage(4,4),0,0,4,NULL,NULL),
(535, 'RS Sodhi',11,535,1,NULL,'Right_Hand',dbo.CalculateBattingAverage(4,1),0,0,4,'Right-arm medium',NULL),
(536, 'A Uniyal',1,536,2,NULL,'Left_Hand',dbo.CalculateBattingAverage(4,2),0,0,4,'Left-arm medium',NULL),
(537, 'JE Taylor',16,537,2,NULL,'Right_Hand',dbo.CalculateBattingAverage(4,2),0,0,4,'Right-arm fast',1),
(538, 'A Tomar',8,538,1,NULL,NULL,dbo.CalculateBattingAverage(4,1),0,0,4,NULL,1),
(539, 'K Kartikeya',10,539,1,NULL,NULL,dbo.CalculateBattingAverage(4,1),0,0,4,NULL,NULL),
(540, 'A Dananjaya',10,540,1,1,NULL,dbo.CalculateBattingAverage(4,1),0,0,4,NULL,1),
(541, 'D Kalyankrishna',17,541,1,2,'Right_Hand',dbo.CalculateBattingAverage(4,1),0,0,4,'Right-arm medium-fast',NULL),
(542, 'A Chandila',1,542,2,2,'Right_Hand',dbo.CalculateBattingAverage(4,2),0,0,4,'Right-arm offbreak',4),
(543, 'CRD Fernando',10,543,2,NULL,'Right_Hand',dbo.CalculateBattingAverage(4,2),0,0,4,'Right-arm fast-medium',2),
(544, 'KS Sharma',7,544,1,NULL,NULL,dbo.CalculateBattingAverage(4,1),0,0,4,NULL,NULL),
(545, 'FH Edwards',17,545,2,2,'Right_Hand',dbo.CalculateBattingAverage(4,2),0,0,4,'Right-arm fast',NULL),
(546, 'GD McGrath',12,546,2,8,'Right_Hand',dbo.CalculateBattingAverage(4,2),0,0,4,'Right-arm fast-medium',2),
(547, 'DP Nannes',12,547,2,1,'Right_Hand',dbo.CalculateBattingAverage(4,2),0,0,4,'Left-arm fast',NULL),
(548, 'PN Mankad',9,548,1,3,NULL,dbo.CalculateBattingAverage(4,1),0,0,4,NULL,NULL),
(549, 'KP Appanna',2,549,3,1,'Right_Hand',dbo.CalculateBattingAverage(3,3),0,0,3,'Slow left-arm orthodox',NULL),
(550, 'Younis Khan',1,550,1,3,'Right_Hand',dbo.CalculateBattingAverage(3,1),0,0,3,'Right-arm medium',NULL),
(551, 'T Natarajan',3,551,2,NULL,NULL,dbo.CalculateBattingAverage(3,2),0,0,3,NULL,3),
(552, 'Mohammad Asif',12,552,2,1,'Left_Hand',dbo.CalculateBattingAverage(3,2),0,0,3,'Right-arm fast-medium',1),
(553, 'A Singh',1,553,5,1,'Right_Hand',dbo.CalculateBattingAverage(3,5),0,0,3,'Right-arm medium-fast',1),
(554, 'MA Wood',5,554,1,1,NULL,dbo.CalculateBattingAverage(3,1),0,0,3,NULL,NULL),
(555, 'BAW Mendis',16,555,3,NULL,'Right_Hand',dbo.CalculateBattingAverage(3,3),0,0,3,'Right-arm offbreak',1),
(556, 'Shoaib Akhtar',8,556,1,3,'Right_Hand',dbo.CalculateBattingAverage(3,1),0,0,3,'Right-arm fast',2),
(557, 'S Tyagi',5,557,1,4,'Right_Hand',dbo.CalculateBattingAverage(3,1),0,0,3,'Right-arm medium',2),
(558, 'Kamran Khan',1,558,1,2,'Left_Hand',dbo.CalculateBattingAverage(3,1),0,0,3,'Left-arm medium-fast',NULL),
(559, 'S Randiv',5,559,1,NULL,'Right_Hand',dbo.CalculateBattingAverage(2,1),0,0,2,'Right-arm offbreak',NULL),
(560, 'T Stubbs',10,560,2,NULL,NULL,dbo.CalculateBattingAverage(2,2),0,0,2,NULL,1),
(561, 'Mashrafe Mortaza',8,561,1,1,'Right_Hand',dbo.CalculateBattingAverage(2,1),0,0,2,'Right-arm fast-medium',1),
(562, 'GHS Garton',2,562,2,1,NULL,dbo.CalculateBattingAverage(2,2),0,0,2,NULL,NULL),
(563, 'RG More',5,563,1,NULL,'Right_Hand',dbo.CalculateBattingAverage(2,1),0,0,2,'Right-arm medium',NULL),
(564, 'Harshit Rana',8,564,2,NULL,NULL,dbo.CalculateBattingAverage(2,2),0,0,2,NULL,NULL),
(565, 'Fazalhaq Farooqi',3,565,1,NULL,NULL,dbo.CalculateBattingAverage(2,1),0,0,2,NULL,1),
(566, 'H Das',17,566,1,NULL,'Right_Hand',dbo.CalculateBattingAverage(2,1),0,0,2,NULL,NULL),
(567, 'P Parameswaran',2,567,2,NULL,'Right_Hand',dbo.CalculateBattingAverage(2,2),0,0,2,'Left-arm medium',NULL),
(568, 'T Shamsi',1,568,1,NULL,'Right_Hand',dbo.CalculateBattingAverage(2,1),0,0,2,'Slow left-arm chinaman',NULL),
(569, 'RS Gavaskar',8,569,1,1,'Left_Hand',dbo.CalculateBattingAverage(2,1),0,0,2,'Slow left-arm orthodox',NULL),
(570, 'SB Wagh',16,570,2,NULL,'Left_Hand',dbo.CalculateBattingAverage(2,2),0,0,2,'Left-arm medium-fast',NULL),
(571, 'VS Yeligati',10,571,1,NULL,'Right_Hand',dbo.CalculateBattingAverage(2,1),0,0,2,'Right-arm offbreak',NULL),
(572, 'HF Gurney',8,572,1,4,NULL,dbo.CalculateBattingAverage(1,1),0,0,1,NULL,NULL),
(573, 'Shoaib Ahmed',17,573,3,NULL,'Right_Hand',dbo.CalculateBattingAverage(1,3),0,0,1,'Right-arm fast-medium',2),
(574, 'NJ Rimmington',11,574,1,NULL,'Right_Hand',dbo.CalculateBattingAverage(1,1),0,0,1,'Right-arm fast-medium',NULL),
(575, 'M de Lange',10,575,1,NULL,'Right_Hand',dbo.CalculateBattingAverage(1,1),0,0,1,'Right-arm fast',NULL),
(576, 'PM Sarvesh Kumar',17,576,1,NULL,'Right_Hand',dbo.CalculateBattingAverage(1,1),0,0,1,'Right-arm medium',NULL),
(577, 'DP Vijaykumar',17,577,1,1,'Right_Hand',dbo.CalculateBattingAverage(1,1),0,0,1,'Right-arm medium',2),
(578, 'S Ladda',12,578,2,2,'Right_Hand',dbo.CalculateBattingAverage(1,2),0,0,1,'Legbreak',1),
(579, 'LE Plunkett',12,579,2,NULL,NULL,dbo.CalculateBattingAverage(1,2),0,0,1,NULL,1),
(580, 'SE Bond',8,580,1,NULL,'Right_Hand',dbo.CalculateBattingAverage(1,1),0,0,1,'Right-arm fast',1),
(581, 'DJ Muthuswami',12,581,1,NULL,'Right_Hand',dbo.CalculateBattingAverage(1,1),0,0,1,'Right-arm medium',NULL),
(582, 'YA Abdulla',11,582,1,1,'Left_Hand',dbo.CalculateBattingAverage(1,1),0,0,1,'Left-arm fast-medium',NULL),
(583, 'KK Ahmed',4,583,5,3,NULL,dbo.CalculateBattingAverage(1,5),0,0,1,NULL,NULL),
(584, 'BE Hendricks',11,584,2,NULL,'Left_Hand',dbo.CalculateBattingAverage(1,2),0,0,1,'Left-arm fast-medium',NULL),
(585, 'C Nanda',10,585,1,NULL,'Right_Hand',dbo.CalculateBattingAverage(0,1),0,0,0,'Legbreak',NULL),
(586, 'JL Denly',8,586,1,NULL,NULL,dbo.CalculateBattingAverage(0,1),0,0,0,NULL,NULL),
(587, 'SS Cottrell',11,587,1,NULL,NULL,dbo.CalculateBattingAverage(0,1),0,0,0,NULL,NULL),
(588, 'K Yadav',1,588,1,NULL,NULL,dbo.CalculateBattingAverage(0,1),0,0,0,NULL,1),
(589, 'Abdur Razzak',2,589,1,NULL,'Left_Hand',dbo.CalculateBattingAverage(0,1),0,0,0,'Slow left-arm orthodox',NULL),
(590, 'S Kaushik',14,590,1,5,'Right_Hand',dbo.CalculateBattingAverage(0,1),0,0,0,'Slow left-arm chinaman',NULL),
(591, 'AS Roy',8,591,1,6,NULL,dbo.CalculateBattingAverage(0,1),0,0,0,NULL,NULL),
(592, 'IC Pandey',16,592,1,1,'Right_Hand',dbo.CalculateBattingAverage(0,1),0,0,0,'Right-arm medium',NULL),
(593, 'RP Meredith',10,593,1,1,NULL,dbo.CalculateBattingAverage(0,1),0,0,0,NULL,NULL),
(594, 'S Lamichhane',4,594,1,1,NULL,dbo.CalculateBattingAverage(0,1),0,0,0,NULL,NULL),
(595, 'Akash Deep',2,595,1,NULL,NULL,dbo.CalculateBattingAverage(0,1),0,0,0,NULL,NULL),
(596, 'ND Doshi',1,596,1,NULL,'Right_Hand',dbo.CalculateBattingAverage(0,1),0,0,0,'Slow left-arm orthodox',NULL),
(597, 'R Sanjay Yadav',10,597,1,1,NULL,dbo.CalculateBattingAverage(0,1),0,0,0,NULL,NULL),
(598, 'RR Bhatkal',2,598,1,NULL,'Right_Hand',dbo.CalculateBattingAverage(0,1),0,0,0,'Right-arm medium',2),
(599, 'L Ablish',11,599,1,2,'Right_Hand',dbo.CalculateBattingAverage(0,1),0,0,0,'Right-arm medium-fast',NULL),
(600, 'KR Sen',1,600,1,NULL,NULL,dbo.CalculateBattingAverage(0,1),0,0,0,NULL,NULL),
(601, 'V Pratap Singh',17,601,1,NULL,'Right_Hand',dbo.CalculateBattingAverage(0,1),0,0,0,'Right-arm medium',NULL),
(602, 'Sunny Gupta',12,602,1,2,'Right_Hand',dbo.CalculateBattingAverage(0,1),0,0,0,'Right-arm offbreak',NULL),
(603, 'U Kaul',11,603,1,NULL,'Left_Hand',dbo.CalculateBattingAverage(0,1),0,0,0,NULL,NULL),
(604, 'Y Prithvi Raj',8,604,1,1,NULL,dbo.CalculateBattingAverage(0,1),0,0,0,NULL,1),
(605, 'Yash Dayal',6,605,1,NULL,NULL,dbo.CalculateBattingAverage(0,1),0,0,0,NULL,NULL),
(606, 'TP Sudhindra',5,606,1,NULL,'Left_Hand',dbo.CalculateBattingAverage(0,1),0,0,0,'Right-arm fast',1),
(607, 'A Nel',12,607,1,NULL,'Right_Hand',dbo.CalculateBattingAverage(0,1),0,0,0,'Right-arm fast-medium',1)

GO

INSERT INTO [Match] (MatchID,TournamentID,VenueID,MatchDate,WinningTeamID,LosingTeamID)
VALUES 
(1, 1,22,'2008-04-18',8,2),
(2, 1,36,'2008-04-19',5,11),
(3, 1,16,'2008-04-19',12,1),
(4, 1,50,'2008-04-20',2,10),
(5, 1,14,'2008-04-20',8,17),
(6, 1,41,'2008-04-21',1,11),
(7, 1,38,'2008-04-22',12,17),
(8, 1,25,'2008-04-23',5,10),
(9, 1,38,'2008-04-24',1,17),
(10, 1,36,'2008-04-25',11,10),
(11, 1,22,'2008-04-26',1,2),
(12, 1,25,'2008-04-26',5,8),
(13, 1,8,'2008-04-27',17,10),
(14, 1,36,'2008-04-27',11,12),
(15, 1,22,'2008-04-28',5,2),
(16, 1,14,'2008-04-29',10,8),
(17, 1,16,'2008-04-30',12,2),
(18, 1,38,'2008-05-01',11,17),
(19, 1,41,'2008-05-01',1,8),
(20, 1,25,'2008-05-02',12,5),
(21, 1,38,'2008-05-25',2,17),
(22, 1,36,'2008-05-03',11,8),
(23, 1,8,'2008-05-04',10,12),
(24, 1,41,'2008-05-04',1,5),
(25, 1,22,'2008-05-05',11,2),
(26, 1,25,'2008-05-06',17,5),
(27, 1,8,'2008-05-07',10,1),
(28, 1,16,'2008-05-08',5,12),
(29, 1,14,'2008-05-08',8,2),
(30, 1,41,'2008-05-09',1,17),
(31, 1,22,'2008-05-28',10,2),
(32, 1,25,'2008-05-10',5,11),
(33, 1,38,'2008-05-11',8,17),
(34, 1,41,'2008-05-11',1,12),
(35, 1,36,'2008-05-12',11,2),
(36, 1,14,'2008-05-13',8,12),
(37, 1,50,'2008-05-14',10,5),
(38, 1,36,'2008-05-28',11,1),
(39, 1,16,'2008-05-15',12,17),
(40, 1,50,'2008-05-16',10,8),
(41, 1,16,'2008-05-17',11,12),
(42, 1,41,'2008-05-17',1,2),
(43, 1,38,'2008-05-18',10,17),
(44, 1,14,'2008-05-18',5,8),
(45, 1,22,'2008-05-19',12,2),
(46, 1,14,'2008-05-20',1,8),
(47, 1,50,'2008-05-21',11,10),
(48, 1,25,'2008-05-21',2,5),
(49, 1,36,'2008-05-23',11,17),
(50, 1,16,'2008-05-24',12,10),
(51, 1,25,'2008-05-24',1,5),
(52, 1,22,'2008-05-03',2,17),
(53, 1,14,'2008-05-25',8,11),
(54, 1,41,'2008-05-26',1,10),
(55, 1,38,'2008-05-27',5,17),
(56, 1,50,'2008-05-30',1,12),
(57, 1,50,'2008-05-31',5,11),
(58, 1,8,'2008-06-01',1,5),
(59, 2,32,'2009-04-18',10,5),
(60, 2,32,'2009-04-18',2,1),
(61, 2,32,'2009-04-19',12,11),
(62, 2,32,'2009-04-19',17,8),
(63, 2,46,'2009-04-20',5,2),
(64, 2,21,'2009-04-21',8,11),
(65, 2,32,'2009-04-22',17,2),
(66, 2,21,'2009-04-23',12,5),
(67, 2,32,'2009-04-23',1,8),
(68, 2,21,'2009-04-24',11,2),
(69, 2,21,'2009-04-25',17,10),
(70, 2,46,'2009-04-26',12,2),
(71, 2,32,'2009-04-26',11,1),
(72, 2,21,'2009-04-27',17,5),
(73, 2,46,'2009-04-27',10,8),
(74, 2,48,'2009-04-28',1,12),
(75, 2,21,'2009-04-29',2,8),
(76, 2,21,'2009-04-29',11,10),
(77, 2,48,'2009-04-30',12,17),
(78, 2,48,'2009-04-30',5,1),
(79, 2,6,'2009-05-01',10,8),
(80, 2,21,'2009-05-01',2,11),
(81, 2,46,'2009-05-02',1,17),
(82, 2,31,'2009-05-02',5,12),
(83, 2,46,'2009-05-03',11,8),
(84, 2,31,'2009-05-03',2,10),
(85, 2,6,'2009-05-04',5,17),
(86, 2,21,'2009-05-05',1,11),
(87, 2,21,'2009-05-05',12,8),
(88, 2,48,'2009-05-06',17,10),
(89, 2,48,'2009-05-07',1,2),
(90, 2,48,'2009-05-07',5,11),
(91, 2,6,'2009-05-08',12,10),
(92, 2,7,'2009-05-09',11,17),
(93, 2,7,'2009-05-09',5,1),
(94, 2,46,'2009-05-10',10,2),
(95, 2,31,'2009-05-10',12,8),
(96, 2,7,'2009-05-11',17,1),
(97, 2,48,'2009-05-12',2,8),
(98, 2,48,'2009-05-12',10,11),
(99, 2,21,'2009-05-13',12,17),
(100, 2,21,'2009-05-14',2,5),
(101, 2,21,'2009-05-14',1,10),
(102, 2,33,'2009-05-15',11,12),
(103, 2,46,'2009-05-16',5,10),
(104, 2,31,'2009-05-16',17,8),
(105, 2,31,'2009-05-17',11,17),
(106, 2,33,'2009-05-17',12,1),
(107, 2,48,'2009-05-18',8,5),
(108, 2,31,'2009-05-19',2,12),
(109, 2,21,'2009-05-20',8,1),
(110, 2,21,'2009-05-20',5,11),
(111, 2,48,'2009-05-21',12,10),
(112, 2,48,'2009-05-21',2,17),
(113, 2,48,'2009-05-22',17,12),
(114, 2,31,'2009-05-23',2,5),
(115, 2,31,'2009-05-24',17,2),
(116, 3,8,'2010-03-12',8,17),
(117, 3,4,'2010-03-13',10,1),
(118, 3,36,'2010-03-13',12,11),
(119, 3,14,'2010-03-14',8,2),
(120, 3,25,'2010-03-14',17,5),
(121, 3,39,'2010-03-15',12,1),
(122, 3,22,'2010-03-16',2,11),
(123, 3,14,'2010-03-16',5,8),
(124, 3,16,'2010-03-17',10,12),
(125, 3,22,'2010-03-18',2,1),
(126, 3,16,'2010-03-19',5,12),
(127, 3,3,'2010-03-19',17,11),
(128, 3,39,'2010-03-20',1,8),
(129, 3,4,'2010-03-20',2,10),
(130, 3,3,'2010-03-21',17,12),
(131, 3,25,'2010-03-21',11,5),
(132, 3,4,'2010-03-22',10,8),
(133, 3,22,'2010-03-23',2,5),
(134, 3,36,'2010-03-24',1,11),
(135, 3,5,'2010-03-25',10,5),
(136, 3,39,'2010-03-26',1,17),
(137, 3,36,'2010-03-27',8,11),
(138, 3,22,'2010-03-25',12,2),
(139, 3,39,'2010-03-28',1,5),
(140, 3,8,'2010-03-28',10,17),
(141, 3,16,'2010-03-29',12,8),
(142, 3,4,'2010-03-30',10,11),
(143, 3,25,'2010-03-31',5,2),
(144, 3,16,'2010-03-31',12,1),
(145, 3,14,'2010-04-01',8,17),
(146, 3,36,'2010-04-02',2,11),
(147, 3,25,'2010-04-03',5,1),
(148, 3,4,'2010-04-03',10,17),
(149, 3,14,'2010-04-04',11,8),
(150, 3,16,'2010-04-04',12,2),
(151, 3,49,'2010-04-05',1,17),
(152, 3,25,'2010-04-06',5,10),
(153, 3,41,'2010-04-07',1,11),
(154, 3,14,'2010-04-07',8,12),
(155, 3,22,'2010-04-08',17,2),
(156, 3,36,'2010-04-09',11,10),
(157, 3,49,'2010-04-10',17,5),
(158, 3,22,'2010-04-10',2,8),
(159, 3,16,'2010-04-11',11,12),
(160, 3,41,'2010-04-11',10,1),
(161, 3,49,'2010-04-12',17,2),
(162, 3,4,'2010-04-13',10,12),
(163, 3,25,'2010-04-13',5,8),
(164, 3,41,'2010-04-14',2,1),
(165, 3,25,'2010-04-15',12,5),
(166, 3,18,'2010-04-16',17,11),
(167, 3,22,'2010-04-17',10,2),
(168, 3,14,'2010-04-17',8,1),
(169, 3,18,'2010-04-18',5,11),
(170, 3,16,'2010-04-18',17,12),
(171, 3,14,'2010-04-19',8,10),
(172, 3,8,'2010-04-21',10,2),
(173, 3,8,'2010-04-22',5,17),
(174, 3,8,'2010-04-24',2,17),
(175, 3,8,'2010-04-25',5,10),
(176, 4,25,'2011-04-08',5,8),
(177, 4,38,'2011-04-09',1,17),
(178, 4,30,'2011-04-09',2,18),
(179, 4,16,'2011-04-10',10,12),
(180, 4,8,'2011-04-10',16,11),
(181, 4,14,'2011-04-11',8,17),
(182, 4,41,'2011-04-12',1,12),
(183, 4,22,'2011-04-12',10,2),
(184, 4,36,'2011-04-13',11,5),
(185, 4,8,'2011-04-13',16,18),
(186, 4,38,'2011-04-14',17,2),
(187, 4,41,'2011-04-15',8,1),
(188, 4,50,'2011-04-15',18,10),
(189, 4,25,'2011-04-16',5,2),
(190, 4,38,'2011-04-16',11,17),
(191, 4,8,'2011-04-17',12,16),
(192, 4,14,'2011-04-17',8,1),
(193, 4,30,'2011-04-18',18,5),
(194, 4,16,'2011-04-19',17,12),
(195, 4,50,'2011-04-20',10,16),
(196, 4,14,'2011-04-20',18,8),
(197, 4,36,'2011-04-21',11,1),
(198, 4,50,'2011-04-22',10,5),
(199, 4,14,'2011-04-22',2,8),
(200, 4,16,'2011-04-23',12,11),
(201, 4,38,'2011-04-24',10,17),
(202, 4,41,'2011-04-24',1,18),
(203, 4,25,'2011-04-25',5,16),
(204, 4,16,'2011-04-26',2,12),
(205, 4,8,'2011-04-27',5,16),
(206, 4,30,'2011-04-27',17,18),
(207, 4,16,'2011-04-28',8,12),
(208, 4,41,'2011-04-29',1,10),
(209, 4,22,'2011-04-29',2,16),
(210, 4,30,'2011-04-30',12,18),
(211, 4,14,'2011-04-30',8,11),
(212, 4,41,'2011-05-01',1,16),
(213, 4,25,'2011-05-01',5,17),
(214, 4,50,'2011-05-02',10,11),
(215, 4,16,'2011-05-02',18,12),
(216, 4,38,'2011-05-03',8,17),
(217, 4,25,'2011-05-04',5,1),
(218, 4,8,'2011-05-04',10,16),
(219, 4,30,'2011-05-05',18,8),
(220, 4,38,'2011-05-05',12,17),
(221, 4,22,'2011-05-06',2,11),
(222, 4,14,'2011-05-07',8,5),
(223, 4,50,'2011-05-07',10,12),
(224, 4,22,'2011-05-08',2,18),
(225, 4,36,'2011-05-08',16,11),
(226, 4,41,'2011-05-09',5,1),
(227, 4,38,'2011-05-10',16,17),
(228, 4,36,'2011-05-10',11,10),
(229, 4,41,'2011-05-11',2,1),
(230, 4,25,'2011-05-12',5,12),
(231, 4,19,'2011-05-13',11,18),
(232, 4,22,'2011-05-14',2,8),
(233, 4,50,'2011-05-14',17,10),
(234, 4,18,'2011-05-15',11,12),
(235, 4,19,'2011-05-15',18,1),
(236, 4,8,'2011-05-16',17,16),
(237, 4,18,'2011-05-17',11,2),
(238, 4,25,'2011-05-18',5,18),
(239, 4,8,'2011-05-19',8,16),
(240, 4,50,'2011-05-20',1,10),
(241, 4,18,'2011-05-21',17,11),
(242, 4,16,'2011-05-21',NULL,12),
(243, 4,22,'2011-05-22',2,5),
(244, 4,14,'2011-05-22',10,8),
(245, 4,50,'2011-05-24',5,2),
(246, 4,50,'2011-05-25',10,8),
(247, 4,25,'2011-05-27',2,10),
(248, 4,25,'2011-05-28',5,2),
(249, 5,25,'2012-04-04',10,5),
(250, 5,14,'2012-04-05',12,8),
(251, 5,50,'2012-04-06',16,10),
(252, 5,41,'2012-04-06',1,11),
(253, 5,22,'2012-04-07',2,12),
(254, 5,11,'2012-04-07',5,17),
(255, 5,41,'2012-04-08',1,8),
(256, 5,47,'2012-04-08',16,11),
(257, 5,11,'2012-04-09',10,17),
(258, 5,22,'2012-04-10',8,2),
(259, 5,16,'2012-04-10',12,5),
(260, 5,50,'2012-04-11',10,1),
(261, 5,25,'2012-04-12',5,2),
(262, 5,36,'2012-04-12',11,16),
(263, 5,14,'2012-04-13',8,1),
(264, 5,16,'2012-04-19',12,17),
(265, 5,47,'2012-04-14',16,5),
(266, 5,14,'2012-04-15',11,8),
(267, 5,22,'2012-04-15',1,2),
(268, 5,50,'2012-04-16',12,10),
(269, 5,41,'2012-04-17',1,17),
(270, 5,22,'2012-04-17',2,16),
(271, 5,36,'2012-04-18',8,11),
(272, 5,38,'2012-05-10',12,17),
(273, 5,25,'2012-04-19',5,16),
(274, 5,36,'2012-04-20',2,11),
(275, 5,25,'2012-04-21',5,1),
(276, 5,16,'2012-04-21',16,12),
(277, 5,50,'2012-04-22',11,10),
(278, 5,3,'2012-04-22',8,17),
(279, 5,41,'2012-04-23',2,1),
(280, 5,47,'2012-04-24',12,16),
(281, 5,36,'2012-04-25',10,11),
(282, 5,47,'2012-04-26',17,16),
(283, 5,16,'2012-04-27',12,10),
(284, 5,25,'2012-04-28',11,5),
(285, 5,14,'2012-04-28',8,2),
(286, 5,16,'2012-04-29',12,1),
(287, 5,50,'2012-04-29',10,17),
(288, 5,25,'2012-04-30',8,5),
(289, 5,3,'2012-05-01',17,16),
(290, 5,41,'2012-05-01',12,1),
(291, 5,22,'2012-05-02',11,2),
(292, 5,47,'2012-05-03',10,16),
(293, 5,25,'2012-05-04',5,17),
(294, 5,14,'2012-05-05',8,16),
(295, 5,36,'2012-05-05',1,11),
(296, 5,50,'2012-05-06',10,5),
(297, 5,22,'2012-05-06',2,17),
(298, 5,16,'2012-05-07',8,12),
(299, 5,47,'2012-05-08',1,16),
(300, 5,38,'2012-05-08',11,17),
(301, 5,50,'2012-05-09',2,10),
(302, 5,41,'2012-05-10',5,1),
(303, 5,47,'2012-05-11',2,16),
(304, 5,14,'2012-05-12',10,8),
(305, 5,25,'2012-05-12',5,12),
(306, 5,41,'2012-05-13',1,16),
(307, 5,36,'2012-05-13',11,17),
(308, 5,22,'2012-05-14',10,2),
(309, 5,14,'2012-05-14',5,8),
(310, 5,16,'2012-05-15',12,11),
(311, 5,50,'2012-05-16',8,10),
(312, 5,18,'2012-05-17',11,5),
(313, 5,16,'2012-05-17',2,12),
(314, 5,38,'2012-05-18',17,1),
(315, 5,18,'2012-05-19',12,11),
(316, 5,47,'2012-05-19',8,16),
(317, 5,38,'2012-05-20',17,2),
(318, 5,41,'2012-05-20',10,1),
(319, 5,47,'2012-05-22',8,12),
(320, 5,22,'2012-05-23',5,10),
(321, 5,25,'2012-05-25',5,12),
(322, 5,25,'2012-05-27',8,5),
(323, 6,14,'2013-04-03',8,12),
(324, 6,22,'2013-04-04',2,10),
(325, 6,38,'2013-04-05',3,16),
(326, 6,16,'2013-04-06',1,12),
(327, 6,25,'2013-04-06',10,5),
(328, 6,47,'2013-04-07',11,16),
(329, 6,38,'2013-04-07',3,2),
(330, 6,41,'2013-04-08',1,8),
(331, 6,50,'2013-04-09',10,12),
(332, 6,36,'2013-04-10',5,11),
(333, 6,22,'2013-04-11',2,8),
(334, 6,47,'2013-04-11',16,1),
(335, 6,16,'2013-04-12',3,12),
(336, 6,50,'2013-04-13',10,16),
(337, 6,25,'2013-04-13',5,2),
(338, 6,14,'2013-04-14',8,3),
(339, 6,41,'2013-04-14',1,11),
(340, 6,25,'2013-04-15',16,5),
(341, 6,36,'2013-04-16',11,8),
(342, 6,22,'2013-04-16',2,12),
(343, 6,27,'2013-04-17',3,16),
(344, 6,41,'2013-04-17',1,10),
(345, 6,16,'2013-04-18',5,12),
(346, 6,38,'2013-04-19',3,11),
(347, 6,14,'2013-04-20',5,8),
(348, 6,22,'2013-04-20',2,1),
(349, 6,16,'2013-04-21',12,10),
(350, 6,36,'2013-04-21',11,16),
(351, 6,25,'2013-04-22',5,1),
(352, 6,22,'2013-04-23',2,16),
(353, 6,18,'2013-05-16',11,12),
(354, 6,14,'2013-04-24',10,8),
(355, 6,25,'2013-04-25',5,3),
(356, 6,14,'2013-04-26',8,11),
(357, 6,41,'2013-04-27',1,3),
(358, 6,50,'2013-04-27',10,2),
(359, 6,25,'2013-04-28',5,8),
(360, 6,42,'2013-04-28',12,16),
(361, 6,41,'2013-04-29',1,2),
(362, 6,50,'2013-04-29',10,11),
(363, 6,47,'2013-04-30',5,16),
(364, 6,38,'2013-05-01',3,10),
(365, 6,42,'2013-05-01',12,8),
(366, 6,25,'2013-05-02',5,11),
(367, 6,47,'2013-05-02',2,16),
(368, 6,14,'2013-05-03',8,1),
(369, 6,38,'2013-05-04',3,12),
(370, 6,22,'2013-05-14',11,2),
(371, 6,50,'2013-05-05',10,5),
(372, 6,41,'2013-05-05',1,16),
(373, 6,22,'2013-04-09',2,3),
(374, 6,41,'2013-05-07',1,12),
(375, 6,50,'2013-05-07',10,8),
(376, 6,38,'2013-05-08',5,3),
(377, 6,36,'2013-05-09',1,11),
(378, 6,47,'2013-05-09',8,16),
(379, 6,16,'2013-05-10',2,12),
(380, 6,47,'2013-05-11',10,16),
(381, 6,36,'2013-05-11',3,11),
(382, 6,20,'2013-05-12',8,2),
(383, 6,41,'2013-05-12',1,5),
(384, 6,16,'2013-04-23',11,12),
(385, 6,50,'2013-05-13',10,3),
(386, 6,20,'2013-05-15',16,8),
(387, 6,25,'2013-05-14',5,12),
(388, 6,50,'2013-05-15',10,1),
(389, 6,36,'2013-05-06',11,2),
(390, 6,38,'2013-05-17',3,1),
(391, 6,18,'2013-05-18',11,10),
(392, 6,47,'2013-05-19',16,12),
(393, 6,22,'2013-05-18',2,5),
(394, 6,38,'2013-05-19',3,8),
(395, 6,16,'2013-05-21',5,10),
(396, 6,16,'2013-05-22',1,3),
(397, 6,14,'2013-05-24',10,1),
(398, 6,14,'2013-05-26',10,5),
(399, 7,45,'2014-04-16',8,10),
(400, 7,43,'2014-04-17',2,12),
(401, 7,45,'2014-04-18',11,5),
(402, 7,45,'2014-04-18',1,3),
(403, 7,12,'2014-04-19',2,10),
(404, 7,12,'2014-04-19',12,8),
(405, 7,43,'2014-04-20',11,1),
(406, 7,45,'2014-04-21',5,12),
(407, 7,43,'2014-04-22',11,3),
(408, 7,12,'2014-04-23',5,1),
(409, 7,43,'2014-04-24',8,2),
(410, 7,12,'2014-04-25',3,12),
(411, 7,12,'2014-04-25',5,10),
(412, 7,45,'2014-04-26',1,2),
(413, 7,45,'2014-04-26',11,8),
(414, 7,43,'2014-04-27',12,10),
(415, 7,43,'2014-04-27',5,3),
(416, 7,12,'2014-04-28',11,2),
(417, 7,45,'2014-04-29',1,8),
(418, 7,12,'2014-04-30',3,10),
(419, 7,20,'2014-05-02',5,8),
(420, 7,50,'2014-05-03',10,11),
(421, 7,16,'2014-05-03',1,12),
(422, 7,22,'2014-05-04',2,3),
(423, 7,39,'2014-05-05',1,8),
(424, 7,16,'2014-05-05',5,12),
(425, 7,50,'2014-05-06',10,2),
(426, 7,16,'2014-05-07',8,12),
(427, 7,3,'2014-05-07',11,5),
(428, 7,39,'2014-05-08',3,1),
(429, 7,22,'2014-05-09',11,2),
(430, 7,16,'2014-05-10',3,12),
(431, 7,50,'2014-05-10',5,10),
(432, 7,3,'2014-05-11',8,11),
(433, 7,22,'2014-05-11',1,2),
(434, 7,38,'2014-05-12',10,3),
(435, 7,20,'2014-05-13',5,1),
(436, 7,22,'2014-05-13',2,12),
(437, 7,38,'2014-05-14',11,3),
(438, 7,3,'2014-05-14',8,10),
(439, 7,39,'2014-05-15',1,12),
(440, 7,20,'2014-05-18',2,5),
(441, 7,38,'2014-05-18',8,3),
(442, 7,39,'2014-05-19',10,1),
(443, 7,16,'2014-05-19',11,12),
(444, 7,38,'2014-05-20',3,2),
(445, 7,14,'2014-05-20',8,5),
(446, 7,36,'2014-05-21',10,11),
(447, 7,14,'2014-05-22',8,2),
(448, 7,20,'2014-05-22',3,5),
(449, 7,50,'2014-05-23',10,12),
(450, 7,36,'2014-05-23',11,1),
(451, 7,22,'2014-05-24',5,2),
(452, 7,14,'2014-05-24',8,3),
(453, 7,36,'2014-05-25',11,12),
(454, 7,50,'2014-05-25',10,1),
(455, 7,14,'2014-05-27',8,11),
(456, 7,4,'2014-05-28',5,10),
(457, 7,50,'2014-05-30',11,5),
(458, 7,22,'2014-06-01',8,11),
(459, 8,14,'2015-04-08',8,10),
(460, 8,25,'2015-04-09',5,12),
(461, 8,27,'2015-04-10',1,11),
(462, 8,25,'2015-04-11',5,3),
(463, 8,14,'2015-04-11',2,8),
(464, 8,16,'2015-04-12',1,12),
(465, 8,50,'2015-04-12',11,10),
(466, 8,22,'2015-04-13',3,2),
(467, 8,39,'2015-04-14',1,10),
(468, 8,14,'2015-04-30',8,5),
(469, 8,27,'2015-04-15',12,11),
(470, 8,11,'2015-04-16',1,3),
(471, 8,50,'2015-04-17',5,10),
(472, 8,11,'2015-04-18',12,3),
(473, 8,27,'2015-04-18',8,11),
(474, 8,39,'2015-04-19',1,5),
(475, 8,22,'2015-04-19',10,2),
(476, 8,16,'2015-04-20',8,12),
(477, 8,39,'2015-04-21',11,1),
(478, 8,11,'2015-04-22',3,8),
(479, 8,22,'2015-04-22',5,2),
(480, 8,16,'2015-04-23',12,10),
(481, 8,39,'2015-04-24',2,1),
(482, 8,50,'2015-04-25',10,3),
(483, 8,25,'2015-04-25',5,11),
(484, 8,16,'2015-04-26',2,12),
(485, 8,36,'2015-04-27',3,11),
(486, 8,14,'2015-05-07',8,12),
(487, 8,22,'2015-04-29',NULL,2),
(488, 8,25,'2015-04-28',5,8),
(489, 8,16,'2015-05-01',12,11),
(490, 8,50,'2015-05-01',10,1),
(491, 8,22,'2015-05-02',2,8),
(492, 8,38,'2015-05-02',3,5),
(493, 8,36,'2015-05-03',10,11),
(494, 8,4,'2015-05-03',1,12),
(495, 8,25,'2015-05-04',5,2),
(496, 8,14,'2015-05-04',8,3),
(497, 8,50,'2015-05-05',10,12),
(498, 8,22,'2015-05-06',2,11),
(499, 8,4,'2015-05-07',3,1),
(500, 8,25,'2015-05-08',10,5),
(501, 8,14,'2015-05-09',8,11),
(502, 8,42,'2015-05-09',3,12),
(503, 8,50,'2015-05-10',2,10),
(504, 8,25,'2015-05-10',5,1),
(505, 8,38,'2015-05-11',3,11),
(506, 8,42,'2015-05-12',12,5),
(507, 8,36,'2015-05-13',11,2),
(508, 8,50,'2015-05-14',10,8),
(509, 8,38,'2015-05-15',2,3),
(510, 8,36,'2015-05-16',5,11),
(511, 8,4,'2015-05-16',1,8),
(512, 8,22,'2015-05-17',NULL,2),
(513, 8,38,'2015-05-17',10,3),
(514, 8,50,'2015-05-19',10,5),
(515, 8,27,'2015-05-20',2,1),
(516, 8,20,'2015-05-22',5,2),
(517, 8,14,'2015-05-24',10,5),
(518, 9,50,'2016-04-09',13,10),
(519, 9,14,'2016-04-10',8,12),
(520, 9,35,'2016-04-11',14,11),
(521, 9,22,'2016-04-12',2,3),
(522, 9,14,'2016-04-13',10,8),
(523, 9,40,'2016-04-14',14,13),
(524, 9,16,'2016-04-15',12,11),
(525, 9,38,'2016-04-16',8,3),
(526, 9,50,'2016-04-16',14,10),
(527, 9,35,'2016-04-17',11,13),
(528, 9,22,'2016-04-17',12,2),
(529, 9,38,'2016-04-18',3,10),
(530, 9,35,'2016-04-19',8,11),
(531, 9,50,'2016-04-20',10,2),
(532, 9,40,'2016-04-21',3,14),
(533, 9,27,'2016-04-22',2,13),
(534, 9,16,'2016-04-23',12,10),
(535, 9,38,'2016-04-23',3,11),
(536, 9,40,'2016-04-24',14,2),
(537, 9,27,'2016-04-24',8,13),
(538, 9,35,'2016-04-25',10,11),
(539, 9,38,'2016-04-26',13,3),
(540, 9,16,'2016-04-27',14,12),
(541, 9,50,'2016-04-28',10,8),
(542, 9,27,'2016-04-29',14,13),
(543, 9,16,'2016-04-30',12,8),
(544, 9,38,'2016-04-30',3,2),
(545, 9,40,'2016-05-01',11,14),
(546, 9,27,'2016-05-01',10,13),
(547, 9,22,'2016-05-02',8,2),
(548, 9,40,'2016-05-03',12,14),
(549, 9,14,'2016-05-04',8,11),
(550, 9,16,'2016-05-05',13,12),
(551, 9,38,'2016-05-06',3,14),
(552, 9,22,'2016-05-07',2,13),
(553, 9,35,'2016-05-07',11,12),
(554, 9,11,'2016-05-08',3,10),
(555, 9,14,'2016-05-08',14,8),
(556, 9,35,'2016-05-09',2,11),
(557, 9,11,'2016-05-10',3,13),
(558, 9,22,'2016-05-11',10,2),
(559, 9,38,'2016-05-12',12,3),
(560, 9,11,'2016-05-13',11,10),
(561, 9,22,'2016-05-14',2,14),
(562, 9,14,'2016-05-14',8,13),
(563, 9,35,'2016-05-15',3,11),
(564, 9,11,'2016-05-15',10,12),
(565, 9,14,'2016-05-16',2,8),
(566, 9,11,'2016-05-17',13,12),
(567, 9,22,'2016-05-18',2,11),
(568, 9,17,'2016-05-19',14,8),
(569, 9,42,'2016-05-20',12,3),
(570, 9,11,'2016-05-21',13,11),
(571, 9,17,'2016-05-21',14,10),
(572, 9,14,'2016-05-22',8,3),
(573, 9,42,'2016-05-22',2,12),
(574, 9,22,'2016-05-24',2,14),
(575, 9,16,'2016-05-25',3,8),
(576, 9,16,'2016-05-27',3,14),
(577, 9,22,'2016-05-29',3,2),
(578, 10,38,'2017-04-05',3,2),
(579, 10,27,'2017-04-06',NULL,10),
(580, 10,40,'2017-04-07',8,14),
(581, 10,19,'2017-04-08',11,NULL),
(582, 10,23,'2017-04-08',2,12),
(583, 10,38,'2017-04-09',3,14),
(584, 10,50,'2017-04-09',10,8),
(585, 10,19,'2017-04-10',11,2),
(586, 10,27,'2017-04-11',12,NULL),
(587, 10,50,'2017-04-12',10,3),
(588, 10,14,'2017-04-13',8,11),
(589, 10,22,'2017-04-14',10,2),
(590, 10,40,'2017-04-14',14,NULL),
(591, 10,14,'2017-04-15',8,3),
(592, 10,16,'2017-04-15',12,11),
(593, 10,50,'2017-04-16',10,14),
(594, 10,22,'2017-04-16',NULL,2),
(595, 10,16,'2017-04-17',8,12),
(596, 10,38,'2017-04-17',3,11),
(597, 10,40,'2017-04-18',2,14),
(598, 10,38,'2017-04-19',3,12),
(599, 10,19,'2017-04-20',10,11),
(600, 10,14,'2017-04-21',14,8),
(601, 10,50,'2017-04-22',10,12),
(602, 10,27,'2017-04-22',NULL,3),
(603, 10,40,'2017-04-23',11,14),
(604, 10,14,'2017-04-23',8,2),
(605, 10,50,'2017-04-24',NULL,10),
(606, 10,27,'2017-04-26',8,NULL),
(607, 10,22,'2017-04-27',14,2),
(608, 10,14,'2017-04-28',8,12),
(609, 10,35,'2017-04-28',3,11),
(610, 10,27,'2017-04-29',NULL,2),
(611, 10,40,'2017-04-29',10,14),
(612, 10,35,'2017-04-30',11,12),
(613, 10,38,'2017-04-30',3,8),
(614, 10,50,'2017-05-01',10,2),
(615, 10,27,'2017-05-01',NULL,14),
(616, 10,16,'2017-05-02',12,3),
(617, 10,14,'2017-05-03',NULL,8),
(618, 10,16,'2017-05-04',12,14),
(619, 10,22,'2017-05-05',11,2),
(620, 10,38,'2017-05-06',NULL,3),
(621, 10,16,'2017-05-06',10,12),
(622, 10,22,'2017-05-07',8,2),
(623, 10,35,'2017-05-07',14,11),
(624, 10,38,'2017-05-08',3,10),
(625, 10,35,'2017-05-09',11,8),
(626, 10,17,'2017-05-10',12,14),
(627, 10,50,'2017-05-11',11,10),
(628, 10,16,'2017-05-12',12,NULL),
(629, 10,17,'2017-05-13',3,14),
(630, 10,14,'2017-05-13',10,8),
(631, 10,27,'2017-05-14',NULL,11),
(632, 10,16,'2017-05-14',2,12),
(633, 10,50,'2017-05-16',NULL,10),
(634, 10,22,'2017-05-17',8,3),
(635, 10,22,'2017-05-19',10,8),
(636, 10,38,'2017-05-21',10,NULL),
(637, 11,50,'2018-04-07',5,10),
(638, 11,34,'2018-04-08',11,12),
(639, 11,14,'2018-04-08',8,2),
(640, 11,37,'2018-04-09',3,1),
(641, 11,24,'2018-04-10',5,8),
(642, 11,41,'2018-04-11',1,12),
(643, 11,37,'2018-04-12',3,10),
(644, 11,23,'2018-04-13',2,11),
(645, 11,50,'2018-04-14',12,10),
(646, 11,14,'2018-04-14',3,8),
(647, 11,23,'2018-04-15',1,2),
(648, 11,34,'2018-04-15',11,5),
(649, 11,14,'2018-04-16',8,12),
(650, 11,50,'2018-04-17',10,2),
(651, 11,41,'2018-04-18',8,1),
(652, 11,34,'2018-04-19',11,3),
(653, 11,27,'2018-04-20',5,1),
(654, 11,14,'2018-04-21',11,8),
(655, 11,23,'2018-04-21',2,12),
(656, 11,37,'2018-04-22',5,3),
(657, 11,41,'2018-04-22',1,10),
(658, 11,1,'2018-04-23',11,12),
(659, 11,50,'2018-04-24',3,10),
(660, 11,23,'2018-04-25',5,2),
(661, 11,37,'2018-04-26',3,11),
(662, 11,1,'2018-04-27',12,8),
(663, 11,27,'2018-04-28',10,5),
(664, 11,41,'2018-04-29',3,1),
(665, 11,23,'2018-04-29',8,2),
(666, 11,27,'2018-04-30',5,12),
(667, 11,23,'2018-05-01',2,10),
(668, 11,1,'2018-05-02',12,1),
(669, 11,14,'2018-05-03',8,5),
(670, 11,19,'2018-05-04',10,11),
(671, 11,27,'2018-05-05',5,2),
(672, 11,37,'2018-05-05',3,12),
(673, 11,50,'2018-05-06',10,8),
(674, 11,19,'2018-05-06',11,1),
(675, 11,37,'2018-05-07',3,2),
(676, 11,41,'2018-05-08',1,11),
(677, 11,14,'2018-05-09',10,8),
(678, 11,1,'2018-05-10',3,12),
(679, 11,41,'2018-05-11',1,5),
(680, 11,19,'2018-05-12',8,11),
(681, 11,1,'2018-05-12',2,12),
(682, 11,27,'2018-05-13',5,3),
(683, 11,50,'2018-05-13',1,10),
(684, 11,19,'2018-05-14',2,11),
(685, 11,14,'2018-05-15',8,1),
(686, 11,50,'2018-05-16',10,11),
(687, 11,23,'2018-05-17',2,3),
(688, 11,1,'2018-05-18',12,5),
(689, 11,41,'2018-05-19',1,2),
(690, 11,37,'2018-05-19',8,3),
(691, 11,1,'2018-05-20',12,10),
(692, 11,27,'2018-05-20',5,11),
(693, 11,50,'2018-05-22',5,3),
(694, 11,14,'2018-05-23',8,1),
(695, 11,14,'2018-05-25',3,8),
(696, 11,50,'2018-05-27',5,3),
(697, 12,24,'2019-03-23',5,2),
(698, 12,14,'2019-03-24',8,3),
(699, 12,50,'2019-03-24',4,10),
(700, 12,41,'2019-03-25',11,1),
(701, 12,1,'2019-03-26',5,4),
(702, 12,14,'2019-03-27',8,11),
(703, 12,23,'2019-03-28',10,2),
(704, 12,37,'2019-03-29',3,1),
(705, 12,34,'2019-03-30',11,10),
(706, 12,1,'2019-03-30',4,8),
(707, 12,37,'2019-03-31',3,2),
(708, 12,24,'2019-03-31',5,1),
(709, 12,34,'2019-04-01',11,4),
(710, 12,41,'2019-04-02',1,2),
(711, 12,50,'2019-04-03',10,5),
(712, 12,1,'2019-04-04',3,4),
(713, 12,23,'2019-04-05',8,2),
(714, 12,24,'2019-04-06',5,11),
(715, 12,37,'2019-04-06',10,3),
(716, 12,23,'2019-04-07',4,2),
(717, 12,41,'2019-04-07',8,1),
(718, 12,34,'2019-04-08',11,3),
(719, 12,24,'2019-04-09',5,8),
(720, 12,50,'2019-04-10',10,11),
(721, 12,41,'2019-04-11',5,1),
(722, 12,14,'2019-04-12',4,8),
(723, 12,50,'2019-04-13',1,10),
(724, 12,34,'2019-04-13',2,11),
(725, 12,14,'2019-04-14',5,8),
(726, 12,37,'2019-04-14',4,3),
(727, 12,50,'2019-04-15',10,2),
(728, 12,34,'2019-04-16',11,1),
(729, 12,37,'2019-04-17',3,5),
(730, 12,1,'2019-04-18',10,4),
(731, 12,14,'2019-04-19',2,8),
(732, 12,41,'2019-04-20',1,10),
(733, 12,1,'2019-04-20',4,11),
(734, 12,37,'2019-04-21',3,8),
(735, 12,23,'2019-04-21',2,5),
(736, 12,41,'2019-04-22',4,1),
(737, 12,24,'2019-04-23',5,3),
(738, 12,23,'2019-04-24',2,11),
(739, 12,14,'2019-04-25',1,8),
(740, 12,24,'2019-04-26',10,5),
(741, 12,41,'2019-04-27',1,3),
(742, 12,1,'2019-04-28',4,2),
(743, 12,14,'2019-04-28',8,10),
(744, 12,37,'2019-04-29',3,11),
(745, 12,23,'2019-04-30',NULL,2),
(746, 12,24,'2019-05-01',5,4),
(747, 12,50,'2019-05-02',10,3),
(748, 12,34,'2019-05-03',8,11),
(749, 12,1,'2019-05-04',4,1),
(750, 12,23,'2019-05-04',2,3),
(751, 12,34,'2019-05-05',11,5),
(752, 12,50,'2019-05-05',10,8),
(753, 12,24,'2019-05-07',10,5),
(754, 12,11,'2019-05-08',4,3),
(755, 12,11,'2019-05-10',5,4),
(756, 12,37,'2019-05-12',10,5),
(757, 13,45,'2020-09-19',5,10),
(758, 13,12,'2020-09-20',4,11),
(759, 13,45,'2020-10-21',2,8),
(760, 13,43,'2020-11-03',3,10),
(761, 13,43,'2020-09-22',1,5),
(762, 13,45,'2020-10-24',8,4),
(763, 13,12,'2020-10-24',11,3),
(764, 13,45,'2020-10-28',10,2),
(765, 13,43,'2020-10-09',4,1),
(766, 13,45,'2020-10-07',8,5),
(767, 13,43,'2020-10-31',3,2),
(768, 13,45,'2020-10-01',10,11),
(769, 13,12,'2020-09-30',8,1),
(770, 13,45,'2020-11-02',4,2),
(771, 13,45,'2020-11-01',5,11),
(772, 13,12,'2020-10-11',1,3),
(773, 13,45,'2020-09-23',10,8),
(774, 13,43,'2020-10-17',4,5),
(775, 13,12,'2020-09-24',11,2),
(776, 13,45,'2020-10-06',10,1),
(777, 13,45,'2020-10-18',8,3),
(778, 13,12,'2020-10-04',5,11),
(779, 13,45,'2020-10-03',2,1),
(780, 13,43,'2020-10-03',4,8),
(781, 13,12,'2020-10-02',3,5),
(782, 13,12,'2020-10-18',11,10),
(783, 13,12,'2020-10-22',3,1),
(784, 13,12,'2020-10-05',4,2),
(785, 13,43,'2020-10-26',11,8),
(786, 13,43,'2020-10-23',10,5),
(787, 13,12,'2020-10-17',2,1),
(788, 13,45,'2020-10-10',8,11),
(789, 13,12,'2020-10-27',3,4),
(790, 13,12,'2020-10-10',2,5),
(791, 13,45,'2020-10-16',10,8),
(792, 13,43,'2020-09-27',1,11),
(793, 13,12,'2020-10-13',5,3),
(794, 13,45,'2020-10-11',10,4),
(795, 13,12,'2020-11-01',8,1),
(796, 13,43,'2020-10-15',11,2),
(797, 13,45,'2020-09-29',3,4),
(798, 13,45,'2020-10-19',1,5),
(799, 13,12,'2020-09-21',2,3),
(800, 13,12,'2020-10-31',10,4),
(801, 13,12,'2020-10-29',5,8),
(802, 13,45,'2020-10-30',1,11),
(803, 13,43,'2020-10-04',10,3),
(804, 13,12,'2020-09-25',4,5),
(805, 13,43,'2020-10-12',2,8),
(806, 13,45,'2020-10-25',1,10),
(807, 13,12,'2020-10-08',3,11),
(808, 13,12,'2020-10-14',4,1),
(809, 13,12,'2020-10-25',5,2),
(810, 13,45,'2020-09-26',8,3),
(811, 13,12,'2020-10-20',11,4),
(812, 13,12,'2020-09-28',2,10),
(813, 13,12,'2020-11-05',10,4),
(814, 13,45,'2020-11-06',3,2),
(815, 13,45,'2020-11-08',4,3),
(816, 13,12,'2020-11-10',10,4),
(817, 14,26,'2021-04-09',2,10),
(818, 14,51,'2021-04-10',4,5),
(819, 14,26,'2021-04-11',8,3),
(820, 14,51,'2021-04-12',9,1),
(821, 14,26,'2021-04-13',10,8),
(822, 14,26,'2021-04-14',2,3),
(823, 14,51,'2021-04-15',1,4),
(824, 14,51,'2021-04-16',5,9),
(825, 14,26,'2021-04-17',10,3),
(826, 14,26,'2021-04-18',2,8),
(827, 14,51,'2021-04-18',4,9),
(828, 14,51,'2021-04-19',5,1),
(829, 14,26,'2021-04-20',4,10),
(830, 14,26,'2021-04-21',3,9),
(831, 14,51,'2021-04-21',5,8),
(832, 14,51,'2021-04-22',2,1),
(833, 14,26,'2021-04-23',9,10),
(834, 14,51,'2021-04-24',1,8),
(835, 14,51,'2021-04-25',5,2),
(836, 14,26,'2021-04-25',4,3),
(837, 14,29,'2021-04-26',8,9),
(838, 14,29,'2021-04-27',2,4),
(839, 14,2,'2021-04-28',5,3),
(840, 14,2,'2021-04-29',10,1),
(841, 14,29,'2021-04-29',4,8),
(842, 14,29,'2021-04-30',9,2),
(843, 14,2,'2021-05-01',10,5),
(844, 14,2,'2021-05-02',1,3),
(845, 14,29,'2021-05-02',4,9),
(846, 14,52,'2021-09-20',8,2),
(847, 14,52,'2021-10-08',10,3),
(848, 14,52,'2021-10-02',1,5),
(849, 14,43,'2021-10-03',2,9),
(850, 14,43,'2021-09-30',5,3),
(851, 14,43,'2021-09-28',8,4),
(852, 14,43,'2021-10-05',10,1),
(853, 14,12,'2021-10-07',9,5),
(854, 14,52,'2021-10-06',3,2),
(855, 14,52,'2021-09-23',8,10),
(856, 14,52,'2021-09-25',4,1),
(857, 14,52,'2021-09-26',5,8),
(858, 14,52,'2021-09-28',10,9),
(859, 14,12,'2021-09-27',3,1),
(860, 14,12,'2021-10-08',2,4),
(861, 14,12,'2021-10-01',9,8),
(862, 14,12,'2021-09-29',2,1),
(863, 14,12,'2021-09-19',5,10),
(864, 14,12,'2021-09-22',4,3),
(865, 14,43,'2021-10-07',8,1),
(866, 14,43,'2021-09-25',9,3),
(867, 14,12,'2021-09-26',2,10),
(868, 14,12,'2021-10-03',8,3),
(869, 14,12,'2021-10-04',4,5),
(870, 14,12,'2021-09-21',1,9),
(871, 14,43,'2021-10-02',4,10),
(872, 14,43,'2021-09-24',5,2),
(873, 14,12,'2021-10-10',5,4),
(874, 14,43,'2021-10-11',8,2),
(875, 14,43,'2021-10-13',8,4),
(876, 14,12,'2021-10-15',5,8),
(877, 15,51,'2022-03-26',8,5),
(878, 15,5,'2022-03-27',4,10),
(879, 15,9,'2022-03-27',9,2),
(880, 15,51,'2022-03-28',6,7),
(881, 15,28,'2022-03-29',1,3),
(882, 15,9,'2022-03-30',2,8),
(883, 15,5,'2022-03-31',7,5),
(884, 15,51,'2022-04-01',8,9),
(885, 15,9,'2022-04-02',1,10),
(886, 15,28,'2022-04-02',6,4),
(887, 15,5,'2022-04-03',9,5),
(888, 15,9,'2022-04-04',7,3),
(889, 15,51,'2022-04-05',2,1),
(890, 15,28,'2022-04-06',8,10),
(891, 15,9,'2022-04-07',7,4),
(892, 15,5,'2022-04-08',6,9),
(893, 15,9,'2022-04-09',3,5),
(894, 15,28,'2022-04-09',2,10),
(895, 15,5,'2022-04-10',4,8),
(896, 15,51,'2022-04-10',1,7),
(897, 15,9,'2022-04-11',3,6),
(898, 15,9,'2022-04-12',5,2),
(899, 15,28,'2022-04-13',9,10),
(900, 15,9,'2022-04-14',6,1),
(901, 15,5,'2022-04-15',3,8),
(902, 15,5,'2022-04-16',7,10),
(903, 15,51,'2022-04-16',2,4),
(904, 15,9,'2022-04-17',3,9),
(905, 15,28,'2022-04-17',6,5),
(906, 15,5,'2022-04-18',1,8),
(907, 15,9,'2022-04-19',2,7),
(908, 15,5,'2022-04-20',4,9),
(909, 15,9,'2022-04-21',5,10),
(910, 15,51,'2022-04-22',1,4),
(911, 15,9,'2022-04-23',6,8),
(912, 15,5,'2022-04-23',3,2),
(913, 15,51,'2022-04-24',7,10),
(914, 15,51,'2022-04-25',9,5),
(915, 15,28,'2022-04-26',1,2),
(916, 15,51,'2022-04-27',6,3),
(917, 15,51,'2022-04-28',4,8),
(918, 15,28,'2022-04-29',7,9),
(919, 15,5,'2022-04-30',6,2),
(920, 15,9,'2022-04-30',10,1),
(921, 15,51,'2022-05-01',7,4),
(922, 15,28,'2022-05-01',5,3),
(923, 15,51,'2022-05-02',8,1),
(924, 15,9,'2022-05-03',9,6),
(925, 15,28,'2022-05-04',2,5),
(926, 15,5,'2022-05-05',4,3),
(927, 15,5,'2022-05-06',10,6),
(928, 15,51,'2022-05-07',1,9),
(929, 15,28,'2022-05-07',7,8),
(930, 15,51,'2022-05-08',2,3),
(931, 15,9,'2022-05-08',5,4),
(932, 15,9,'2022-05-09',8,10),
(933, 15,28,'2022-05-10',6,7),
(934, 15,9,'2022-05-11',4,1),
(935, 15,51,'2022-05-12',10,5),
(936, 15,5,'2022-05-13',9,2),
(937, 15,28,'2022-05-14',8,3),
(938, 15,51,'2022-05-15',6,5),
(939, 15,5,'2022-05-15',1,7),
(940, 15,9,'2022-05-16',4,9),
(941, 15,51,'2022-05-17',3,10),
(942, 15,9,'2022-05-18',7,8),
(943, 15,51,'2022-05-19',2,6),
(944, 15,5,'2022-05-20',1,5),
(945, 15,51,'2022-05-21',10,4),
(946, 15,51,'2022-05-22',9,3),
(947, 15,15,'2022-05-24',6,1),
(948, 15,15,'2022-05-25',2,7),
(949, 15,29,'2022-05-27',1,2),
(950, 15,29,'2022-05-29',6,1)

GO

GO

INSERT INTO [MatchStats] (MatchID,TotalRuns,TotalWickets,HighestScore,BestBowler,BestBatter,Catches,Runout,PlayerofMatch)
VALUES 
(1, 304, 13, NULL, 88,21,9,1,21),
(2, 447, 9, NULL, 49,49,6,0,49),
(3, 261, 9, NULL, 31,11,2,2,220),
(4, 331, 12, NULL, 98,8,7,1,138),
(5, 222, 15, NULL, 86,67,11,1,67),
(6, 334, 12, NULL, 133,15,3,1,15),
(7, 285, 9, NULL, 4,25,5,1,25),
(8, 410, 12, NULL, 76,76,7,2,76),
(9, 431, 12, NULL, 99,86,7,1,20),
(10, 298, 19, NULL, 54,54,10,3,54),
(11, 273, 11, NULL, 82,15,9,2,15),
(12, 299, 10, NULL, 65,76,7,1,269),
(13, 309, 7, NULL, 98,44,6,0,44),
(14, 320, 14, NULL, 181,181,7,2,181),
(15, 343, 15, NULL, 147,9,8,3,9),
(16, 275, 11, NULL, 275,57,7,1,98),
(17, 372, 10, NULL, 11,11,6,1,546),
(18, 331, 11, NULL, 4,32,6,2,32),
(19, 347, 17, NULL, 20,130,5,4,130),
(20, 341, 8, NULL, 5,25,5,1,25),
(21, 336, 15, NULL, 4,90,8,4,154),
(22, 347, 12, NULL, 159,67,5,1,75),
(23, 295, 18, NULL, 426,25,13,1,232),
(24, 219, 12, NULL, 272,99,6,0,367),
(25, 253, 14, NULL, 42,42,7,3,355),
(26, 292, 10, NULL, 197,44,8,0,44),
(27, 207, 13, NULL, 130,130,7,0,345),
(28, 375, 11, NULL, 9,11,8,1,9),
(29, 253, 11, NULL, 36,138,3,4,65),
(30, 281, 10, NULL, 83,20,7,2,20),
(31, 248, 10, NULL, 42,98,7,1,543),
(32, 344, 13, NULL, 32,62,12,0,364),
(33, 385, 11, NULL, 83,65,9,1,65),
(34, 315, 14, NULL, 15,15,5,4,15),
(35, 287, 9, NULL, 138,32,2,1,32),
(36, 243, 16, NULL, 67,194,9,3,556),
(37, 314, 7, NULL, 197,98,4,0,98),
(38, 401, 10, NULL, 248,32,5,1,32),
(39, 376, 13, NULL, 328,11,8,1,142),
(40, 135, 12, NULL, 65,98,9,1,232),
(41, 212, 7, NULL, 25,25,6,0,52),
(42, 329, 10, NULL, 42,99,8,0,99),
(43, 331, 14, NULL, 467,83,8,1,57),
(44, 204, 5, NULL, 194,194,1,0,471),
(45, 312, 12, NULL, 6,162,6,3,162),
(46, 297, 12, NULL, 36,20,7,1,20),
(47, 377, 14, NULL, 37,157,7,5,32),
(48, 238, 16, NULL, 5,42,10,1,361),
(49, 353, 8, NULL, 32,32,5,0,32),
(50, 355, 13, NULL, 8,98,7,2,10),
(51, 412, 12, NULL, 246,99,7,3,87),
(52, 309, 14, NULL, 167,4,7,1,147),
(53, 349, 13, NULL, 65,65,5,1,352),
(54, 291, 12, NULL, 38,248,6,2,367),
(55, 295, 11, NULL, 296,5,8,1,5),
(56, 279, 19, NULL, 20,15,13,2,15),
(57, 228, 9, NULL, 32,5,6,1,471),
(58, 327, 12, NULL, 20,20,8,2,20),
(59, 311, 14, NULL, 37,37,10,1,37),
(60, 191, 18, NULL, 42,42,11,1,42),
(61, 162, 7, NULL, 28,188,4,2,238),
(62, 205, 12, NULL, 260,90,6,2,328),
(63, 266, 15, NULL, 42,76,6,2,419),
(64, 237, 7, NULL, 52,7,6,1,7),
(65, 344, 14, NULL, 1,44,9,2,44),
(66, 369, 14, NULL, 87,6,11,3,6),
(67, 333, 15, NULL, 65,7,13,1,20),
(68, 341, 12, NULL, 35,118,8,1,118),
(69, 324, 16, NULL, 90,90,9,1,423),
(70, 299, 11, NULL, 74,74,6,1,74),
(71, 251, 13, NULL, 54,54,8,2,54),
(72, 334, 10, NULL, 90,90,7,0,90),
(73, 282, 15, NULL, 47,37,10,1,37),
(74, 290, 12, NULL, 99,20,5,1,20),
(75, 282, 11, NULL, 7,162,9,0,138),
(76, 235, 15, NULL, 54,47,9,1,54),
(77, 298, 13, NULL, 328,74,7,2,547),
(78, 290, 14, NULL, 329,5,10,0,5),
(79, 287, 12, NULL, 47,64,7,1,47),
(80, 282, 16, NULL, 1,28,10,1,28),
(81, 283, 12, NULL, 290,106,9,1,20),
(82, 308, 18, NULL, 3,10,10,1,395),
(83, 307, 7, NULL, 52,64,7,0,52),
(84, 299, 5, NULL, 98,35,5,0,35),
(85, 278, 13, NULL, 106,9,9,0,9),
(86, 344, 12, NULL, 54,99,9,0,99),
(87, 311, 4, NULL, 222,222,3,0,11),
(88, 271, 14, NULL, 47,47,7,1,4),
(89, 212, 13, NULL, 58,58,6,2,553),
(90, 359, 6, NULL, 181,76,5,0,76),
(91, 234, 13, NULL, 13,6,7,3,345),
(92, 337, 12, NULL, 52,86,8,3,52),
(93, 281, 10, NULL, 290,62,3,1,62),
(94, 298, 9, NULL, 138,13,4,1,47),
(95, 248, 11, NULL, 65,65,9,0,142),
(96, 279, 17, NULL, 31,38,6,3,38),
(97, 349, 8, NULL, 21,21,6,0,82),
(98, 241, 11, NULL, 144,57,5,3,94),
(99, 334, 17, NULL, 295,44,11,2,149),
(100, 261, 18, NULL, 82,76,12,3,82),
(101, 288, 17, NULL, 94,264,8,4,196),
(102, 243, 13, NULL, 10,54,10,1,244),
(103, 298, 8, NULL, 47,76,3,2,76),
(104, 326, 9, NULL, 106,64,6,3,4),
(105, 267, 15, NULL, 4,54,6,2,28),
(106, 286, 12, NULL, 135,6,6,0,6),
(107, 377, 6, NULL, 67,21,1,3,64),
(108, 269, 10, NULL, 10,35,7,0,35),
(109, 203, 15, NULL, 58,134,6,4,134),
(110, 208, 17, NULL, 5,22,7,2,419),
(111, 331, 14, NULL, 37,13,7,1,25),
(112, 328, 10, NULL, 16,16,7,1,16),
(113, 307, 12, NULL, 74,44,6,2,44),
(114, 295, 9, NULL, 87,16,5,0,16),
(115, 280, 15, NULL, 90,90,8,0,361),
(116, 311, 11, NULL, 64,101,8,0,101),
(117, 420, 14, NULL, 170,20,4,4,20),
(118, 288, 14, NULL, 118,11,9,2,11),
(119, 271, 10, NULL, 35,35,6,0,55),
(120, 349, 13, NULL, 87,86,5,3,295),
(121, 283, 10, NULL, 99,25,7,2,25),
(122, 407, 5, NULL, 35,35,5,0,35),
(123, 273, 13, NULL, 65,9,5,1,9),
(124, 338, 16, NULL, 220,37,6,2,37),
(125, 185, 10, NULL, 366,35,2,2,35),
(126, 375, 11, NULL, 5,76,8,1,76),
(127, 334, 16, NULL, 118,75,9,3,86),
(128, 302, 12, NULL, 212,187,6,2,187),
(129, 306, 12, NULL, 37,35,7,1,35),
(130, 332, 15, NULL, 10,3,8,3,86),
(131, 291, 18, NULL, 87,22,7,3,485),
(132, 311, 6, NULL, 37,7,2,0,37),
(133, 306, 12, NULL, 8,8,6,1,8),
(134, 335, 15, NULL, 52,200,9,3,212),
(135, 361, 7, NULL, 37,5,2,0,37),
(136, 299, 11, NULL, 4,20,4,4,20),
(137, 327, 11, NULL, 55,55,6,0,55),
(138, 349, 13, NULL, 1,73,5,5,73),
(139, 337, 14, NULL, 58,58,8,4,58),
(140, 303, 17, NULL, 37,37,11,0,94),
(141, 314, 13, NULL, 36,3,3,1,3),
(142, 327, 16, NULL, 32,32,9,2,283),
(143, 323, 9, NULL, 5,29,6,1,29),
(144, 309, 16, NULL, 247,10,9,3,10),
(145, 338, 11, NULL, 65,65,9,0,65),
(146, 365, 9, NULL, 118,84,6,2,84),
(147, 469, 10, NULL, 58,29,8,1,29),
(148, 293, 15, NULL, 106,12,7,1,12),
(149, 404, 5, NULL, 52,52,3,0,52),
(150, 331, 14, NULL, 35,193,6,2,193),
(151, 316, 20, NULL, 4,4,15,2,196),
(152, 306, 13, NULL, 76,37,6,1,5),
(153, 310, 7, NULL, 52,166,5,1,166),
(154, 348, 11, NULL, 10,25,3,3,65),
(155, 370, 9, NULL, 35,106,6,0,106),
(156, 312, 13, NULL, 47,54,5,1,54),
(157, 277, 12, NULL, 5,106,8,1,261),
(158, 322, 12, NULL, 209,42,9,2,154),
(159, 223, 13, NULL, 123,52,6,2,112),
(160, 311, 13, NULL, 37,37,9,3,37),
(161, 289, 16, NULL, 8,4,8,2,448),
(162, 327, 11, NULL, 10,18,4,2,18),
(163, 282, 9, NULL, 101,5,4,0,109),
(164, 262, 11, NULL, 84,84,6,2,84),
(165, 225, 13, NULL, 62,11,10,1,11),
(166, 352, 8, NULL, 4,52,6,0,4),
(167, 325, 13, NULL, 226,12,8,0,226),
(168, 265, 11, NULL, 43,65,6,1,224),
(169, 387, 7, NULL, 32,32,3,0,9),
(170, 279, 14, NULL, 193,193,8,2,86),
(171, 268, 9, NULL, 12,21,6,1,260),
(172, 333, 14, NULL, 82,60,8,2,18),
(173, 246, 17, NULL, 90,62,11,1,413),
(174, 168, 11, NULL, 318,318,5,0,361),
(175, 314, 14, NULL, 12,5,9,4,5),
(176, 304, 11, NULL, 55,230,5,2,230),
(177, 278, 10, NULL, 294,135,8,0,349),
(178, 323, 9, NULL, 31,6,6,0,6),
(179, 194, 12, NULL, 228,37,3,3,283),
(180, 225, 11, NULL, 226,226,10,1,570),
(181, 317, 12, NULL, 2,35,7,1,35),
(182, 303, 10, NULL, 3,83,8,0,196),
(183, 283, 5, NULL, 74,74,1,0,37),
(184, 381, 8, NULL, 125,125,3,1,125),
(185, 299, 14, NULL, 22,31,8,3,182),
(186, 317, 14, NULL, 1,1,11,0,221),
(187, 319, 5, NULL, 95,35,1,1,11),
(188, 366, 4, NULL, 31,37,0,1,21),
(189, 345, 12, NULL, 49,49,11,0,49),
(190, 331, 10, NULL, 129,125,7,0,125),
(191, 377, 12, NULL, 28,28,7,1,28),
(192, 166, 12, NULL, 196,11,3,2,364),
(193, 266, 7, NULL, 5,5,4,1,21),
(194, 320, 11, NULL, 3,144,7,0,144),
(195, 242, 13, NULL, 8,8,11,0,366),
(196, 258, 16, NULL, 55,55,5,2,52),
(197, 342, 14, NULL, 32,32,8,1,32),
(198, 320, 13, NULL, 62,4,9,0,94),
(199, 346, 6, NULL, 55,7,4,1,7),
(200, 433, 10, NULL, 32,32,9,0,3),
(201, 307, 12, NULL, 54,4,5,3,283),
(202, 220, 12, NULL, 22,15,4,3,196),
(203, 259, 15, NULL, 49,49,7,2,49),
(204, 321, 13, NULL, 25,1,7,2,1),
(205, 286, 8, NULL, 28,62,7,0,413),
(206, 203, 17, NULL, 52,54,9,1,332),
(207, 279, 16, NULL, 55,55,11,3,55),
(208, 189, 11, NULL, 94,135,3,0,135),
(209, 336, 10, NULL, 8,1,8,0,1),
(210, 276, 17, NULL, 25,25,8,2,25),
(211, 239, 8, NULL, 44,11,3,3,281),
(212, 287, 11, NULL, 399,82,6,2,82),
(213, 311, 13, NULL, 129,144,5,2,87),
(214, 295, 13, NULL, 32,32,9,0,18),
(215, 281, 9, NULL, 22,21,7,1,567),
(216, 318, 10, NULL, 2,2,5,0,20),
(217, 296, 8, NULL, 42,49,5,0,49),
(218, 299, 14, NULL, 16,16,12,1,312),
(219, 295, 12, NULL, 52,63,7,3,64),
(220, 354, 11, NULL, 25,25,8,1,25),
(221, 325, 15, NULL, 6,7,6,1,7),
(222, 175, 6, NULL, 49,62,3,1,281),
(223, 324, 14, NULL, 209,12,8,1,12),
(224, 253, 10, NULL, 22,74,6,2,7),
(225, 239, 13, NULL, 273,28,10,0,312),
(226, 329, 13, NULL, 13,29,6,2,29),
(227, 273, 12, NULL, 168,16,6,0,128),
(228, 250, 18, NULL, 213,32,11,2,522),
(229, 297, 7, NULL, 13,7,5,1,320),
(230, 334, 10, NULL, 75,9,7,1,9),
(231, 359, 11, NULL, 52,52,4,2,10),
(232, 194, 10, NULL, 6,7,9,1,7),
(233, 260, 14, NULL, 37,37,7,1,142),
(234, 311, 14, NULL, 10,125,11,0,112),
(235, 195, 12, NULL, 139,64,5,1,64),
(236, 274, 13, NULL, 28,144,4,1,142),
(237, 353, 12, NULL, 6,44,8,0,44),
(238, 293, 10, NULL, 49,64,6,1,36),
(239, 237, 10, NULL, 11,11,6,0,20),
(240, 267, 5, NULL, 37,15,3,0,15),
(241, 314, 12, NULL, 112,2,9,1,2),
(242, 56, 3, NULL, 192,3,1,0,NULL),
(243, 257, 10, NULL, 9,7,7,0,7),
(244, 353, 12, NULL, 37,35,6,3,153),
(245, 352, 8, NULL, 1,5,4,0,5),
(246, 295, 13, NULL, 153,155,7,2,366),
(247, 327, 12, NULL, 153,7,8,0,7),
(248, 352, 13, NULL, 60,29,7,0,29),
(249, 227, 13, NULL, 395,289,8,3,289),
(250, 197, 11, NULL, 11,75,3,2,75),
(251, 230, 18, NULL, 153,33,5,2,33),
(252, 351, 13, NULL, 13,13,7,1,13),
(253, 294, 15, NULL, 6,6,10,2,6),
(254, 312, 16, NULL, 288,31,9,0,31),
(255, 306, 15, NULL, 55,55,5,2,64),
(256, 310, 14, NULL, 44,223,6,3,223),
(257, 280, 14, NULL, 88,4,8,0,4),
(258, 288, 17, NULL, 60,11,13,0,364),
(259, 221, 10, NULL, 57,84,4,5,251),
(260, 367, 16, NULL, 12,120,11,0,18),
(261, 413, 13, NULL, 1,7,10,1,19),
(262, 231, 13, NULL, 123,32,6,2,297),
(263, 268, 10, NULL, 42,120,5,2,97),
(264, 319, 13, NULL, 168,84,10,2,84),
(265, 311, 8, NULL, 87,111,4,2,111),
(266, 266, 16, NULL, 112,56,7,1,81),
(267, 331, 12, NULL, 320,13,5,0,13),
(268, 185, 13, NULL, 4,25,8,1,350),
(269, 393, 7, NULL, 64,47,6,0,64),
(270, 368, 10, NULL, 223,7,7,2,7),
(271, 251, 9, NULL, 44,11,6,1,11),
(272, 380, 5, NULL, 2,3,4,1,3),
(273, 315, 12, NULL, 9,19,11,0,516),
(274, 329, 11, NULL, 7,7,6,0,7),
(275, 293, 7, NULL, 120,19,6,0,19),
(276, 364, 10, NULL, 25,111,6,1,65),
(277, 327, 10, NULL, 153,153,7,2,32),
(278, 253, 12, NULL, 47,2,7,1,244),
(279, 332, 10, NULL, 42,74,8,0,6),
(280, 294, 4, NULL, 16,25,2,1,25),
(281, 339, 9, NULL, 4,67,9,0,12),
(282, 336, 11, NULL, 88,88,6,2,88),
(283, 377, 14, NULL, 84,25,8,1,25),
(284, 305, 16, NULL, 213,56,8,3,56),
(285, 333, 10, NULL, 7,11,7,0,11),
(286, 303, 9, NULL, 164,13,6,1,25),
(287, 201, 15, NULL, 47,4,12,0,221),
(288, 279, 10, NULL, 11,11,8,1,11),
(289, 359, 9, NULL, 33,54,5,1,54),
(290, 285, 10, NULL, 42,25,7,0,145),
(291, 321, 11, NULL, 104,7,4,3,140),
(292, 239, 15, NULL, 10,123,6,4,283),
(293, 310, 11, NULL, 9,88,5,2,5),
(294, 293, 13, NULL, 101,11,8,1,81),
(295, 311, 14, NULL, 32,42,9,0,15),
(296, 347, 16, NULL, 38,37,7,2,38),
(297, 366, 7, NULL, 74,2,2,1,6),
(298, 307, 13, NULL, 75,21,6,3,35),
(299, 251, 9, NULL, 33,15,5,1,15),
(300, 315, 13, NULL, 56,56,6,2,56),
(301, 283, 7, NULL, 37,7,4,0,7),
(302, 253, 12, NULL, 49,64,8,1,NULL),
(303, 311, 12, NULL, 33,7,4,1,7),
(304, 337, 5, NULL, 35,4,2,0,4),
(305, 229, 6, NULL, 3,29,5,0,NULL),
(306, 295, 13, NULL, 13,13,6,0,542),
(307, 384, 10, NULL, 67,88,9,0,67),
(308, 344, 11, NULL, 74,12,4,3,12),
(309, 318, 11, NULL, 159,11,6,2,49),
(310, 276, 13, NULL, 67,52,9,2,214),
(311, 248, 17, NULL, 4,55,8,1,81),
(312, 243, 11, NULL, 44,44,10,0,44),
(313, 409, 10, NULL, 46,7,10,0,7),
(314, 254, 13, NULL, 120,227,7,1,221),
(315, 286, 12, NULL, 83,3,10,0,214),
(316, 238, 12, NULL, 111,97,5,0,97),
(317, 255, 16, NULL, 1,47,10,0,221),
(318, 325, 6, NULL, 120,38,3,1,38),
(319, 306, 12, NULL, 75,52,9,1,20),
(320, 336, 14, NULL, 49,9,11,1,9),
(321, 358, 15, NULL, 52,29,8,3,29),
(322, 382, 8, NULL, 35,95,6,0,95),
(323, 257, 14, NULL, 52,52,9,1,81),
(324, 310, 10, NULL, 7,7,3,1,7),
(325, 230, 16, NULL, 101,131,8,1,142),
(326, 325, 13, NULL, 3,3,6,1,42),
(327, 287, 15, NULL, 9,18,8,0,18),
(328, 199, 11, NULL, 8,78,4,2,78),
(329, 295, 15, NULL, 165,1,10,1,165),
(330, 269, 16, NULL, 63,63,9,1,349),
(331, 374, 14, NULL, 241,10,9,2,10),
(332, 277, 10, NULL, 147,49,9,1,49),
(333, 312, 10, NULL, 11,7,7,1,7),
(334, 293, 8, NULL, 64,43,6,0,43),
(335, 229, 15, NULL, 73,73,10,1,142),
(336, 325, 11, NULL, 128,4,7,1,4),
(337, 331, 12, NULL, 6,6,10,0,31),
(338, 312, 11, NULL, 152,11,5,2,11),
(339, 250, 14, NULL, 13,67,10,2,119),
(340, 294, 13, NULL, 33,43,10,0,33),
(341, 310, 18, NULL, 20,11,8,1,272),
(342, 330, 14, NULL, 1,1,8,3,1),
(343, 227, 18, NULL, 16,245,10,1,142),
(344, 271, 13, NULL, 10,13,6,2,13),
(345, 252, 14, NULL, 73,49,7,2,49),
(346, 250, 14, NULL, 124,165,8,2,165),
(347, 243, 15, NULL, 49,49,7,3,31),
(348, 240, 13, NULL, 542,7,10,0,154),
(349, 326, 5, NULL, 10,25,3,1,25),
(350, 371, 7, NULL, 56,34,5,0,34),
(351, 371, 9, NULL, 15,15,3,1,49),
(352, 396, 14, NULL, 7,7,10,1,7),
(353, 335, 11, NULL, 52,32,8,0,34),
(354, 321, 11, NULL, 38,38,6,0,38),
(355, 319, 11, NULL, 9,2,8,1,9),
(356, 299, 10, NULL, 95,95,7,1,35),
(357, 290, 11, NULL, 165,15,10,0,119),
(358, 330, 14, NULL, 60,38,8,3,38),
(359, 386, 7, NULL, 95,95,3,2,49),
(360, 313, 9, NULL, 3,3,9,0,3),
(361, 344, 12, NULL, 93,17,7,2,17),
(362, 344, 13, NULL, 34,4,10,0,4),
(363, 291, 12, NULL, 179,5,5,3,9),
(364, 259, 7, NULL, 38,2,4,0,332),
(365, 273, 10, NULL, 35,3,8,1,3),
(366, 357, 10, NULL, 34,5,5,1,5),
(367, 357, 12, NULL, 8,8,8,1,6),
(368, 265, 8, NULL, 15,20,3,0,20),
(369, 161, 14, NULL, 75,2,4,1,160),
(370, 350, 8, NULL, 44,44,3,0,44),
(371, 218, 15, NULL, 49,4,8,0,218),
(372, 360, 9, NULL, 8,13,6,1,13),
(373, 323, 9, NULL, 1,1,6,0,1),
(374, 309, 5, NULL, 52,202,4,0,13),
(375, 275, 16, NULL, 281,38,7,3,37),
(376, 369, 11, NULL, 22,5,8,2,5),
(377, 292, 8, NULL, 32,32,2,0,257),
(378, 258, 16, NULL, 8,11,11,0,11),
(379, 362, 11, NULL, 158,1,3,1,224),
(380, 228, 13, NULL, 450,4,9,1,218),
(381, 270, 16, NULL, 22,22,7,3,22),
(382, 231, 14, NULL, 154,35,8,0,35),
(383, 285, 9, NULL, 29,15,5,1,15),
(384, 241, 12, NULL, 3,3,8,1,448),
(385, 362, 7, NULL, 4,18,4,0,18),
(386, 333, 11, NULL, 20,20,3,3,16),
(387, 303, 13, NULL, 3,9,10,1,9),
(388, 318, 15, NULL, 13,146,10,2,146),
(389, 384, 7, NULL, 56,34,4,0,34),
(390, 249, 18, NULL, 131,245,10,3,142),
(391, 316, 17, NULL, 78,140,6,1,140),
(392, 306, 14, NULL, 75,43,11,0,268),
(393, 188, 8, NULL, 29,1,7,0,1),
(394, 262, 12, NULL, 20,20,5,2,22),
(395, 336, 11, NULL, 12,49,10,0,49),
(396, 267, 13, NULL, 13,64,7,2,64),
(397, 334, 12, NULL, 42,38,9,0,94),
(398, 273, 18, NULL, 29,9,10,1,18),
(399, 285, 12, NULL, 18,35,4,0,35),
(400, 291, 6, NULL, 29,47,4,0,359),
(401, 411, 8, NULL, 40,40,4,0,40),
(402, 268, 12, NULL, 13,13,11,0,13),
(403, 231, 12, NULL, 12,22,8,1,22),
(404, 333, 11, NULL, 47,16,6,1,47),
(405, 384, 8, NULL, 17,40,4,1,40),
(406, 261, 16, NULL, 10,5,12,1,5),
(407, 314, 16, NULL, 14,40,11,0,40),
(408, 273, 16, NULL, 149,38,11,3,31),
(409, 298, 12, NULL, 35,68,9,0,68),
(410, 364, 5, NULL, 84,43,5,0,43),
(411, 283, 10, NULL, 21,21,5,1,252),
(412, 141, 14, NULL, 1,13,9,2,439),
(413, 241, 19, NULL, 207,25,5,2,333),
(414, 251, 11, NULL, 84,29,6,2,29),
(415, 291, 10, NULL, 43,38,6,0,38),
(416, 251, 13, NULL, 25,25,9,0,333),
(417, 326, 15, NULL, 97,13,6,4,119),
(418, 329, 12, NULL, 18,18,9,0,179),
(419, 262, 12, NULL, 8,21,7,1,31),
(420, 338, 10, NULL, 36,36,7,1,117),
(421, 308, 8, NULL, 61,61,5,0,61),
(422, 313, 12, NULL, 6,6,8,1,6),
(423, 330, 12, NULL, 97,8,6,1,439),
(424, 359, 7, NULL, 29,38,5,1,38),
(425, 355, 13, NULL, 4,4,6,2,4),
(426, 321, 7, NULL, 29,11,4,1,11),
(427, 418, 10, NULL, 21,40,6,1,40),
(428, 236, 19, NULL, 75,2,10,3,179),
(429, 364, 17, NULL, 218,34,14,0,333),
(430, 187, 9, NULL, 446,10,7,0,221),
(431, 317, 12, NULL, 9,12,7,1,38),
(432, 299, 9, NULL, 108,25,3,1,11),
(433, 381, 10, NULL, 61,28,6,0,119),
(434, 317, 6, NULL, 43,12,2,1,12),
(435, 297, 13, NULL, 93,15,6,1,31),
(436, 356, 11, NULL, 47,28,3,2,28),
(437, 416, 9, NULL, 58,58,4,2,36),
(438, 283, 9, NULL, 20,8,4,0,8),
(439, 340, 15, NULL, 55,13,6,2,13),
(440, 280, 9, NULL, 5,5,7,0,6),
(441, 288, 11, NULL, 75,8,7,2,214),
(442, 331, 11, NULL, 61,80,9,1,49),
(443, 329, 13, NULL, 10,10,9,0,77),
(444, 321, 9, NULL, 1,1,5,2,3),
(445, 310, 6, NULL, 5,8,3,1,8),
(446, 315, 11, NULL, 108,80,5,2,80),
(447, 360, 9, NULL, 8,8,4,1,8),
(448, 374, 7, NULL, 2,3,3,2,3),
(449, 331, 14, NULL, 216,49,7,3,49),
(450, 342, 12, NULL, 17,32,7,1,32),
(451, 314, 8, NULL, 1,1,2,0,9),
(452, 321, 13, NULL, 20,20,5,4,20),
(453, 234, 13, NULL, 84,84,9,1,78),
(454, 384, 9, NULL, 117,117,7,1,117),
(455, 298, 16, NULL, 77,8,9,2,214),
(456, 349, 11, NULL, 94,80,8,0,5),
(457, 428, 13, NULL, 34,25,7,3,25),
(458, 399, 11, NULL, 16,36,8,1,16),
(459, 338, 6, NULL, 4,4,6,0,251),
(460, 299, 16, NULL, 87,87,10,1,345),
(461, 298, 15, NULL, 29,119,9,2,119),
(462, 373, 10, NULL, 3,21,5,3,21),
(463, 356, 13, NULL, 7,7,5,4,7),
(464, 370, 10, NULL, 13,71,5,0,71),
(465, 336, 12, NULL, 43,94,9,0,108),
(466, 338, 12, NULL, 6,3,6,0,3),
(467, 329, 9, NULL, 158,33,5,0,33),
(468, 334, 12, NULL, 8,8,7,0,46),
(469, 334, 12, NULL, 101,39,8,1,39),
(470, 258, 9, NULL, 13,13,3,1,13),
(471, 372, 11, NULL, 5,18,8,0,345),
(472, 330, 12, NULL, 118,26,6,1,47),
(473, 314, 15, NULL, 108,46,11,1,46),
(474, 313, 6, NULL, 38,13,3,0,13),
(475, 400, 14, NULL, 4,158,7,2,94),
(476, 293, 12, NULL, 11,11,7,1,214),
(477, 403, 16, NULL, 13,32,7,4,32),
(478, 277, 8, NULL, 16,3,6,0,3),
(479, 335, 16, NULL, 19,5,13,1,5),
(480, 343, 13, NULL, 47,26,11,0,26),
(481, 264, 10, NULL, 33,1,5,1,271),
(482, 294, 16, NULL, 152,80,13,0,283),
(483, 287, 12, NULL, 29,21,8,1,21),
(484, 194, 10, NULL, 73,7,4,1,343),
(485, 280, 15, NULL, 29,3,9,1,337),
(486, 329, 13, NULL, 47,20,8,1,112),
(487, 200, 7, NULL, 6,6,3,3,NULL),
(488, 266, 15, NULL, 155,8,9,2,57),
(489, 237, 9, NULL, 34,39,7,0,292),
(490, 366, 12, NULL, 93,17,8,1,12),
(491, 226, 7, NULL, 46,56,5,1,56),
(492, 362, 13, NULL, 63,3,6,2,3),
(493, 321, 10, NULL, 36,80,7,3,80),
(494, 364, 9, NULL, 47,13,7,0,13),
(495, 272, 19, NULL, 242,5,11,3,5),
(496, 299, 16, NULL, 85,85,8,3,214),
(497, 305, 11, NULL, 22,28,6,0,94),
(498, 314, 13, NULL, 77,7,2,0,7),
(499, 395, 11, NULL, 33,33,7,0,63),
(500, 317, 9, NULL, 38,22,7,2,48),
(501, 367, 14, NULL, 34,46,7,2,46),
(502, 320, 8, NULL, 85,85,5,0,85),
(503, 431, 8, NULL, 80,6,6,1,6),
(504, 302, 14, NULL, 110,21,12,1,31),
(505, 365, 12, NULL, 34,34,10,1,3),
(506, 239, 10, NULL, 26,26,7,0,259),
(507, 190, 12, NULL, 56,36,9,0,77),
(508, 337, 11, NULL, 20,48,8,1,48),
(509, 218, 7, NULL, 1,85,6,1,1),
(510, 264, 10, NULL, 40,19,6,0,145),
(511, 389, 15, NULL, 15,15,13,2,15),
(512, 189, 5, NULL, 47,27,4,1,NULL),
(513, 227, 11, NULL, 152,22,7,1,285),
(514, 349, 16, NULL, 18,80,12,1,18),
(515, 289, 14, NULL, 71,6,8,2,6),
(516, 279, 15, NULL, 121,49,9,2,345),
(517, 363, 13, NULL, 9,80,8,1,4),
(518, 247, 9, NULL, 12,13,5,0,13),
(519, 197, 11, NULL, 17,11,7,0,46),
(520, 323, 11, NULL, 34,43,5,1,43),
(521, 409, 10, NULL, 85,6,6,0,6),
(522, 375, 9, NULL, 4,4,5,2,4),
(523, 327, 8, NULL, 9,19,3,0,43),
(524, 224, 11, NULL, 78,27,4,2,142),
(525, 288, 9, NULL, 63,11,5,1,11),
(526, 290, 15, NULL, 43,43,12,1,43),
(527, 305, 11, NULL, 19,19,6,1,78),
(528, 383, 8, NULL, 1,27,7,1,27),
(529, 287, 9, NULL, 3,3,5,1,3),
(530, 279, 12, NULL, 32,8,8,1,8),
(531, 341, 11, NULL, 4,4,9,1,4),
(532, 272, 8, NULL, 5,3,6,0,179),
(533, 357, 12, NULL, 13,1,9,1,6),
(534, 318, 11, NULL, 4,4,5,3,17),
(535, 289, 11, NULL, 32,3,7,3,481),
(536, 362, 6, NULL, 10,1,5,0,1),
(537, 322, 13, NULL, 30,13,2,2,30),
(538, 353, 13, NULL, 34,22,8,0,22),
(539, 212, 11, NULL, 2,2,9,1,392),
(540, 343, 11, NULL, 10,110,8,0,110),
(541, 352, 9, NULL, 4,4,6,0,4),
(542, 391, 10, NULL, 5,33,3,4,38),
(543, 345, 18, NULL, 8,8,8,3,206),
(544, 373, 11, NULL, 85,3,8,2,3),
(545, 285, 19, NULL, 29,29,9,2,77),
(546, 320, 7, NULL, 60,4,7,0,4),
(547, 374, 12, NULL, 15,20,7,1,46),
(548, 299, 9, NULL, 31,23,4,1,23),
(549, 321, 12, NULL, 29,40,4,5,46),
(550, 328, 10, NULL, 47,13,6,2,13),
(551, 255, 11, NULL, 2,43,10,0,179),
(552, 386, 9, NULL, 1,1,5,1,1),
(553, 353, 10, NULL, 79,79,8,1,79),
(554, 269, 13, NULL, 94,2,10,0,345),
(555, 322, 9, NULL, 8,97,5,1,147),
(556, 349, 10, NULL, 29,29,5,2,15),
(557, 270, 16, NULL, 149,45,12,2,528),
(558, 304, 8, NULL, 12,14,7,1,66),
(559, 296, 11, NULL, 45,3,5,1,110),
(560, 251, 12, NULL, 94,29,7,0,79),
(561, 352, 13, NULL, 43,6,6,0,6),
(562, 169, 8, NULL, 75,20,3,1,20),
(563, 359, 7, NULL, 113,113,4,1,113),
(564, 332, 14, NULL, 350,66,6,3,66),
(565, 369, 6, NULL, 46,1,2,1,1),
(566, 197, 7, NULL, 61,13,4,0,392),
(567, 331, 12, NULL, 124,1,8,1,1),
(568, 249, 12, NULL, 20,5,7,2,38),
(569, 319, 11, NULL, 3,61,6,4,61),
(570, 345, 13, NULL, 9,9,10,0,9),
(571, 345, 12, NULL, 41,41,9,0,5),
(572, 320, 14, NULL, 20,20,11,1,20),
(573, 277, 12, NULL, 27,27,9,1,1),
(574, 317, 16, NULL, 6,6,9,1,6),
(575, 302, 16, NULL, 16,28,8,2,85),
(576, 325, 13, NULL, 3,3,7,2,3),
(577, 408, 14, NULL, 28,7,9,3,183),
(578, 379, 14, NULL, 15,28,9,2,28),
(579, 371, 11, NULL, 41,33,6,1,33),
(580, 367, 4, NULL, 5,68,3,0,68),
(581, 327, 10, NULL, 92,92,5,0,40),
(582, 299, 17, NULL, 23,73,5,1,73),
(583, 275, 8, NULL, 5,3,4,1,156),
(584, 358, 13, NULL, 16,16,8,0,41),
(585, 298, 6, NULL, 6,6,2,0,77),
(586, 313, 14, NULL, 19,17,11,1,17),
(587, 317, 14, NULL, 41,3,7,0,327),
(588, 341, 11, NULL, 113,11,8,0,81),
(589, 287, 11, NULL, 4,18,8,1,18),
(590, 343, 11, NULL, 55,21,6,0,274),
(591, 327, 12, NULL, 20,8,7,0,8),
(592, 325, 15, NULL, 77,127,10,0,117),
(593, 353, 8, NULL, 21,21,7,0,41),
(594, 295, 17, NULL, 92,53,6,1,92),
(595, 337, 13, NULL, 16,16,8,1,292),
(596, 313, 16, NULL, 78,78,7,0,179),
(597, 405, 9, NULL, 21,7,6,1,7),
(598, 367, 9, NULL, 26,45,7,1,45),
(599, 397, 6, NULL, 113,113,4,0,24),
(600, 375, 11, NULL, 5,5,8,1,5),
(601, 270, 15, NULL, 61,110,7,4,285),
(602, 355, 7, NULL, 53,9,3,1,9),
(603, 350, 14, NULL, 10,113,7,1,113),
(604, 180, 20, NULL, 7,81,15,0,292),
(605, 317, 14, NULL, 4,4,5,1,92),
(606, 366, 8, NULL, 33,8,3,1,8),
(607, 269, 13, NULL, 6,43,9,2,274),
(608, 321, 9, NULL, 110,11,1,2,11),
(609, 388, 12, NULL, 32,32,10,0,156),
(610, 253, 12, NULL, 1,1,9,1,311),
(611, 323, 21, NULL, 66,22,9,5,66),
(612, 135, 10, NULL, 142,174,4,0,333),
(613, 370, 10, NULL, 45,3,7,2,3),
(614, 327, 14, NULL, 4,4,11,1,4),
(615, 328, 15, NULL, 10,92,7,3,92),
(616, 374, 7, NULL, 45,28,5,0,308),
(617, 313, 14, NULL, 53,53,7,1,53),
(618, 422, 10, NULL, 38,23,8,2,23),
(619, 257, 17, NULL, 56,56,12,0,333),
(620, 284, 17, NULL, 9,28,11,2,224),
(621, 278, 13, NULL, 61,80,12,0,80),
(622, 317, 10, NULL, 191,191,6,0,81),
(623, 381, 7, NULL, 10,113,6,0,38),
(624, 278, 10, NULL, 2,4,7,0,2),
(625, 320, 12, NULL, 68,68,6,1,252),
(626, 392, 13, NULL, 26,26,4,4,26),
(627, 453, 9, NULL, 18,36,7,0,36),
(628, 329, 15, NULL, 61,61,7,2,61),
(629, 312, 12, NULL, 31,3,5,0,278),
(630, 337, 13, NULL, 68,12,9,1,12),
(631, 151, 11, NULL, 36,13,9,1,224),
(632, 312, 16, NULL, 23,1,8,2,185),
(633, 304, 13, NULL, 22,55,8,2,150),
(634, 176, 10, NULL, 8,3,7,1,292),
(635, 218, 14, NULL, 30,66,8,0,152),
(636, 257, 14, NULL, 66,33,8,3,66),
(637, 334, 13, NULL, 57,57,8,0,57),
(638, 333, 11, NULL, 11,11,7,1,14),
(639, 353, 13, NULL, 10,81,9,0,81),
(640, 252, 10, NULL, 17,2,7,2,2),
(641, 407, 11, NULL, 8,46,8,1,127),
(642, 213, 9, NULL, 13,13,5,2,17),
(643, 298, 17, NULL, 71,2,11,0,156),
(644, 314, 16, NULL, 14,6,7,1,214),
(645, 389, 10, NULL, 148,148,6,0,148),
(646, 277, 13, NULL, 10,45,9,0,532),
(647, 415, 10, NULL, 56,17,8,0,17),
(648, 390, 12, NULL, 28,9,9,1,7),
(649, 329, 19, NULL, 41,41,12,0,41),
(650, 380, 14, NULL, 1,4,8,1,4),
(651, 323, 11, NULL, 24,8,5,2,41),
(652, 371, 8, NULL, 7,7,4,0,7),
(653, 344, 15, NULL, 15,15,11,0,15),
(654, 317, 8, NULL, 68,68,7,1,14),
(655, 350, 9, NULL, 27,23,6,1,6),
(656, 360, 9, NULL, 45,45,7,1,12),
(657, 335, 14, NULL, 18,30,7,1,201),
(658, 282, 16, NULL, 26,26,11,1,406),
(659, 205, 20, NULL, 20,20,12,2,156),
(660, 412, 13, NULL, 12,12,7,3,9),
(661, 251, 16, NULL, 109,16,9,1,406),
(662, 383, 13, NULL, 81,26,5,2,26),
(663, 339, 7, NULL, 5,5,7,0,4),
(664, 291, 13, NULL, 13,13,9,0,45),
(665, 351, 9, NULL, 68,1,7,0,68),
(666, 409, 9, NULL, 23,23,5,2,15),
(667, 320, 14, NULL, 161,48,9,2,256),
(668, 342, 11, NULL, 255,23,7,1,23),
(669, 357, 9, NULL, 81,50,6,0,81),
(670, 350, 10, NULL, 79,7,6,1,30),
(671, 255, 13, NULL, 22,22,6,2,31),
(672, 327, 8, NULL, 23,59,3,2,156),
(673, 349, 10, NULL, 10,30,9,0,48),
(674, 307, 13, NULL, 24,14,10,1,464),
(675, 287, 16, NULL, 179,45,6,2,45),
(676, 301, 15, NULL, 14,14,10,2,24),
(677, 318, 16, NULL, 4,51,13,2,51),
(678, 378, 6, NULL, 26,23,3,2,2),
(679, 353, 10, NULL, 24,24,6,2,24),
(680, 459, 14, NULL, 14,81,11,0,81),
(681, 368, 9, NULL, 6,6,5,0,6),
(682, 359, 6, NULL, 71,12,5,1,12),
(683, 339, 9, NULL, 24,24,9,0,24),
(684, 180, 10, NULL, 77,1,6,3,214),
(685, 287, 14, NULL, 92,68,8,0,266),
(686, 369, 13, NULL, 14,14,12,0,327),
(687, 422, 9, NULL, 161,45,7,0,6),
(688, 290, 11, NULL, 31,12,9,0,185),
(689, 298, 15, NULL, 53,53,7,1,216),
(690, 345, 14, NULL, 16,68,12,1,68),
(691, 337, 14, NULL, 183,23,10,1,142),
(692, 312, 15, NULL, 61,5,11,0,NULL),
(693, 279, 15, NULL, 19,19,5,2,19),
(694, 313, 11, NULL, 68,10,6,0,46),
(695, 334, 16, NULL, 50,68,7,3,156),
(696, 359, 8, NULL, 20,15,4,1,15),
(697, 141, 13, NULL, 22,22,8,1,94),
(698, 364, 7, NULL, 41,3,3,0,46),
(699, 389, 15, NULL, 28,23,12,1,23),
(700, 354, 13, NULL, 211,7,9,2,7),
(701, 297, 10, NULL, 2,2,7,0,15),
(702, 408, 8, NULL, 8,8,7,0,46),
(703, 368, 13, NULL, 48,6,9,1,327),
(704, 399, 7, NULL, 16,17,5,0,156),
(705, 353, 9, NULL, 48,14,4,0,39),
(706, 387, 16, NULL, 59,59,10,3,59),
(707, 344, 12, NULL, 161,69,6,4,69),
(708, 342, 13, NULL, 24,9,11,0,9),
(709, 318, 19, NULL, 56,34,7,3,151),
(710, 322, 7, NULL, 22,22,4,0,216),
(711, 303, 13, NULL, 73,73,13,0,48),
(712, 260, 13, NULL, 26,69,10,0,69),
(713, 411, 8, NULL, 68,1,5,0,46),
(714, 298, 8, NULL, 121,121,6,0,94),
(715, 232, 17, NULL, 18,18,11,1,430),
(716, 301, 14, NULL, 1,26,11,0,204),
(717, 279, 5, NULL, 33,33,4,0,572),
(718, 301, 8, NULL, 14,3,7,1,14),
(719, 219, 12, NULL, 46,46,8,1,293),
(720, 395, 11, NULL, 14,14,9,1,18),
(721, 306, 13, NULL, 19,12,8,1,9),
(722, 358, 10, NULL, 50,2,8,0,2),
(723, 375, 11, NULL, 33,24,7,0,24),
(724, 347, 6, NULL, 7,7,3,0,6),
(725, 323, 13, NULL, 5,68,8,1,385),
(726, 271, 17, NULL, 3,3,12,0,420),
(727, 343, 12, NULL, 6,6,8,1,283),
(728, 352, 13, NULL, 13,14,11,0,109),
(729, 269, 9, NULL, 69,69,5,0,3),
(730, 296, 14, NULL, 27,66,5,2,48),
(731, 416, 9, NULL, 1,1,8,1,1),
(732, 323, 10, NULL, 33,27,4,1,33),
(733, 329, 12, NULL, 26,7,6,2,26),
(734, 320, 9, NULL, 68,69,6,1,583),
(735, 321, 15, NULL, 22,9,11,2,22),
(736, 384, 10, NULL, 13,13,6,1,23),
(737, 351, 7, NULL, 15,15,4,1,15),
(738, 387, 11, NULL, 56,6,9,0,6),
(739, 352, 13, NULL, 10,10,6,1,343),
(740, 264, 14, NULL, 29,4,11,0,4),
(741, 321, 11, NULL, 97,16,9,0,224),
(742, 358, 12, NULL, 103,26,11,0,2),
(743, 430, 9, NULL, 4,48,7,0,46),
(744, 379, 14, NULL, 14,3,10,0,3),
(745, 103, 8, NULL, 316,17,8,0,NULL),
(746, 278, 14, NULL, 26,5,8,1,9),
(747, 341, 13, NULL, 16,27,9,1,327),
(748, 368, 9, NULL, 39,50,6,1,50),
(749, 236, 14, NULL, 122,122,10,1,142),
(750, 353, 13, NULL, 45,96,13,0,96),
(751, 343, 9, NULL, 9,19,6,0,14),
(752, 267, 8, NULL, 8,4,7,0,48),
(753, 263, 8, NULL, 30,30,3,0,30),
(754, 327, 16, NULL, 23,59,10,1,23),
(755, 298, 13, NULL, 23,15,9,0,19),
(756, 297, 15, NULL, 15,15,6,3,327),
(757, 328, 14, NULL, 19,12,9,0,12),
(758, 319, 18, NULL, 39,39,12,2,79),
(759, 169, 10, NULL, 50,63,6,2,278),
(760, 300, 8, NULL, 51,3,4,0,350),
(761, 416, 13, NULL, 33,17,7,1,17),
(762, 329, 15, NULL, 41,41,11,0,401),
(763, 240, 17, NULL, 89,3,12,2,299),
(764, 330, 11, NULL, 30,30,10,0,30),
(765, 322, 18, NULL, 100,96,13,2,109),
(766, 324, 15, NULL, 53,53,12,1,53),
(767, 241, 12, NULL, 124,36,9,0,333),
(768, 334, 12, NULL, 211,4,6,1,18),
(769, 311, 15, NULL, 250,250,12,0,338),
(770, 306, 11, NULL, 6,13,8,1,499),
(771, 307, 7, NULL, 7,72,3,0,72),
(772, 321, 9, NULL, 17,16,4,2,100),
(773, 341, 14, NULL, 63,4,9,1,4),
(774, 364, 9, NULL, 2,2,7,0,2),
(775, 315, 13, NULL, 150,14,6,0,14),
(776, 329, 14, NULL, 24,30,13,0,30),
(777, 331, 13, NULL, 69,3,8,0,311),
(778, 359, 4, NULL, 14,15,4,0,15),
(779, 312, 8, NULL, 173,1,4,0,359),
(780, 438, 12, NULL, 26,26,10,0,26),
(781, 321, 10, NULL, 19,176,5,2,176),
(782, 388, 16, NULL, 27,14,9,3,14),
(783, 310, 8, NULL, 122,16,4,1,16),
(784, 333, 13, NULL, 1,79,10,0,77),
(785, 299, 11, NULL, 50,56,6,0,7),
(786, 230, 9, NULL, 19,51,6,0,337),
(787, 356, 9, NULL, 100,33,8,0,6),
(788, 326, 11, NULL, 14,14,5,3,10),
(789, 350, 12, NULL, 23,36,9,0,36),
(790, 301, 12, NULL, 12,1,8,1,1),
(791, 297, 7, NULL, 50,27,5,0,27),
(792, 449, 8, NULL, 201,39,7,0,17),
(793, 314, 14, NULL, 45,45,7,1,31),
(794, 328, 9, NULL, 2,2,7,1,27),
(795, 322, 16, NULL, 63,63,14,0,141),
(796, 348, 8, NULL, 1,14,5,1,14),
(797, 309, 11, NULL, 2,69,9,0,156),
(798, 251, 8, NULL, 151,24,6,1,24),
(799, 316, 15, NULL, 156,69,4,4,359),
(800, 221, 10, NULL, 96,51,5,1,51),
(801, 350, 9, NULL, 41,41,6,0,72),
(802, 371, 7, NULL, 17,7,5,1,92),
(803, 382, 12, NULL, 3,27,9,0,337),
(804, 306, 10, NULL, 23,59,6,1,59),
(805, 306, 11, NULL, 50,6,4,1,6),
(806, 391, 7, NULL, 60,92,4,0,92),
(807, 333, 16, NULL, 498,69,9,2,69),
(808, 309, 15, NULL, 100,2,9,1,499),
(809, 295, 8, NULL, 1,72,6,0,72),
(810, 287, 7, NULL, 50,50,2,1,50),
(811, 331, 10, NULL, 2,2,7,1,2),
(812, 420, 9, NULL, 27,51,9,0,6),
(813, 343, 13, NULL, 51,79,9,0,327),
(814, 263, 11, NULL, 6,6,9,1,45),
(815, 361, 11, NULL, 45,2,7,0,79),
(816, 313, 12, NULL, 26,4,8,2,337),
(817, 319, 17, NULL, 6,68,7,4,185),
(818, 378, 10, NULL, 5,2,5,1,2),
(819, 364, 11, NULL, 16,41,9,0,41),
(820, 438, 13, NULL, 17,17,10,0,17),
(821, 294, 17, NULL, 10,41,13,0,270),
(822, 292, 17, NULL, 40,40,15,1,40),
(823, 297, 15, NULL, 34,34,11,2,224),
(824, 213, 12, NULL, 19,171,9,1,293),
(825, 287, 15, NULL, 102,69,8,2,18),
(826, 370, 12, NULL, 46,40,8,0,6),
(827, 393, 8, NULL, 71,2,7,0,2),
(828, 331, 18, NULL, 100,24,13,2,91),
(829, 275, 13, NULL, 51,4,7,0,142),
(830, 241, 11, NULL, 171,69,6,2,69),
(831, 422, 13, NULL, 53,19,8,2,19),
(832, 358, 9, NULL, 216,70,7,0,70),
(833, 263, 7, NULL, 18,4,7,0,14),
(834, 267, 13, NULL, 17,17,9,2,110),
(835, 313, 13, NULL, 315,31,8,2,31),
(836, 333, 11, NULL, 45,45,4,2,59),
(837, 249, 14, NULL, 39,63,9,1,63),
(838, 341, 9, NULL, 59,6,6,0,6),
(839, 344, 6, NULL, 19,72,4,0,72),
(840, 343, 7, NULL, 27,27,2,0,27),
(841, 310, 9, NULL, 50,59,5,0,59),
(842, 324, 13, NULL, 14,14,8,0,263),
(843, 437, 10, NULL, 18,18,8,0,18),
(844, 385, 11, NULL, 73,24,7,0,24),
(845, 333, 9, NULL, 39,39,5,1,39),
(846, 186, 11, NULL, 234,50,5,1,401),
(847, 428, 17, NULL, 16,30,15,0,51),
(848, 379, 7, NULL, 72,72,5,0,72),
(849, 322, 13, NULL, 198,39,7,2,40),
(850, 273, 11, NULL, 36,36,8,0,445),
(851, 257, 16, NULL, 23,23,8,2,81),
(852, 184, 11, NULL, 34,51,6,0,292),
(853, 273, 10, NULL, 19,14,8,0,14),
(854, 278, 13, NULL, 148,148,8,1,45),
(855, 314, 9, NULL, 53,53,6,1,81),
(856, 275, 12, NULL, 17,17,7,0,26),
(857, 343, 14, NULL, 41,53,7,2,31),
(858, 272, 10, NULL, 14,60,5,0,18),
(859, 331, 8, NULL, 45,17,5,0,148),
(860, 330, 8, NULL, 198,198,8,0,198),
(861, 333, 12, NULL, 14,14,8,1,14),
(862, 302, 12, NULL, 115,107,9,1,359),
(863, 292, 15, NULL, 72,72,10,1,72),
(864, 273, 11, NULL, 189,26,7,2,499),
(865, 256, 14, NULL, 100,50,5,1,338),
(866, 245, 14, NULL, 36,180,7,1,180),
(867, 276, 16, NULL, 410,40,10,0,40),
(868, 234, 12, NULL, 189,50,9,1,50),
(869, 275, 12, NULL, 2,12,10,0,77),
(870, 368, 14, NULL, 126,39,11,0,465),
(871, 261, 14, NULL, 66,26,7,1,77),
(872, 313, 10, NULL, 40,70,10,0,57),
(873, 345, 11, NULL, 59,72,9,1,72),
(874, 277, 13, NULL, 129,1,7,1,81),
(875, 271, 12, NULL, 53,114,6,1,114),
(876, 357, 12, NULL, 63,19,9,0,19),
(877, 264, 9, NULL, 12,9,7,1,214),
(878, 356, 11, NULL, 51,51,10,0,266),
(879, 413, 7, NULL, 115,19,5,0,331),
(880, 319, 11, NULL, 195,225,6,0,308),
(881, 359, 13, NULL, 126,126,9,0,17),
(882, 260, 17, NULL, 10,258,13,0,351),
(883, 421, 11, NULL, 9,27,6,1,107),
(884, 278, 14, NULL, 331,46,9,1,214),
(885, 363, 16, NULL, 24,24,11,2,24),
(886, 328, 15, NULL, 177,50,11,1,311),
(887, 306, 18, NULL, 9,115,14,1,115),
(888, 326, 16, NULL, 14,14,12,1,391),
(889, 342, 9, NULL, 24,24,4,1,10),
(890, 323, 9, NULL, 114,141,8,0,141),
(891, 304, 7, NULL, 27,27,6,0,27),
(892, 379, 13, NULL, 115,50,9,2,50),
(893, 309, 9, NULL, 31,105,8,0,105),
(894, 303, 9, NULL, 30,30,3,2,237),
(895, 386, 15, NULL, 46,3,10,0,266),
(896, 327, 14, NULL, 27,96,5,0,359),
(897, 330, 10, NULL, 48,45,6,1,45),
(898, 409, 13, NULL, 10,103,7,1,103),
(899, 384, 14, NULL, 382,2,9,2,39),
(900, 347, 13, NULL, 24,48,9,2,48),
(901, 351, 11, NULL, 46,53,6,0,53),
(902, 380, 13, NULL, 14,14,7,2,14),
(903, 362, 12, NULL, 23,3,8,2,10),
(904, 303, 13, NULL, 204,115,7,1,525),
(905, 339, 12, NULL, 34,34,9,1,34),
(906, 427, 15, NULL, 26,24,9,1,359),
(907, 344, 14, NULL, 19,19,12,1,19),
(908, 234, 11, NULL, 171,3,5,1,266),
(909, 311, 14, NULL, 137,137,11,0,518),
(910, 429, 10, NULL, 184,24,7,1,24),
(911, 304, 17, NULL, 100,48,15,0,156),
(912, 140, 11, NULL, 237,105,7,0,489),
(913, 300, 14, NULL, 14,14,13,1,14),
(914, 363, 10, NULL, 2,2,6,1,2),
(915, 259, 18, NULL, 122,122,11,2,122),
(916, 394, 11, NULL, 100,105,3,1,525),
(917, 296, 15, NULL, 26,41,8,1,266),
(918, 286, 16, NULL, 69,27,12,1,66),
(919, 344, 10, NULL, 40,1,8,0,100),
(920, 319, 11, NULL, 96,24,11,0,30),
(921, 384, 10, NULL, 77,14,7,0,407),
(922, 391, 8, NULL, 89,72,6,0,72),
(923, 310, 8, NULL, 17,17,6,0,175),
(924, 288, 10, NULL, 233,233,7,1,204),
(925, 333, 16, NULL, 10,178,11,2,185),
(926, 393, 11, NULL, 89,3,8,0,3),
(927, 349, 11, NULL, 48,36,5,3,210),
(928, 379, 9, NULL, 69,116,6,0,116),
(929, 277, 17, NULL, 338,27,13,3,391),
(930, 317, 13, NULL, 53,19,9,1,351),
(931, 325, 16, NULL, 177,178,12,0,178),
(932, 278, 19, NULL, 175,51,14,3,327),
(933, 226, 14, NULL, 71,50,10,1,50),
(934, 321, 8, NULL, 70,128,8,0,128),
(935, 200, 15, NULL, 9,9,8,1,348),
(936, 364, 18, NULL, 115,115,15,1,69),
(937, 300, 14, NULL, 313,46,8,0,46),
(938, 270, 8, NULL, 303,36,7,0,36),
(939, 332, 14, NULL, 79,71,8,1,337),
(940, 301, 16, NULL, 128,128,11,0,219),
(941, 383, 13, NULL, 45,53,9,2,53),
(942, 418, 8, NULL, 81,27,6,0,27),
(943, 338, 7, NULL, 36,1,3,1,1),
(944, 301, 11, NULL, 91,91,8,0,109),
(945, 319, 12, NULL, 59,177,10,0,327),
(946, 317, 13, NULL, 2,115,9,1,263),
(947, 379, 9, NULL, 24,24,5,3,34),
(948, 400, 10, NULL, 14,132,8,0,132),
(949, 318, 11, NULL, 163,24,8,0,24),
(950, 263, 12, NULL, 24,50,8,1,48)


GO

INSERT INTO [TeamPerformance] (TeamID,MatchesPlayed,MatchesWon,MatchesLost,TournamentsWon)
VALUES 
(1,192,96,96,1),
(2,226,109,117,0),
(3,152,75,77,1),
(4,63,36,27,0),
(5,208,121,87,4),
(6,16,12,4,1),
(7,15,9,6,0),
(8,223,114,109,2),
(9,28,13,15,0),
(10,231,131,100,5),
(11,190,88,102,0),
(12,161,67,94,0),
(13,30,15,15,0),
(14,30,13,17,0),
(15,23,6,17,0),
(16,75,29,46,1),
(17,7,3,4,0)


GO

INSERT INTO [Company] (CompanyID,CompanyName,IndustryType)
VALUES 
(1, 'Nike', 'Sports'),
(2, 'Adidas', 'Sports'),
(3, 'Puma', 'Sports'),
(4, 'Reebok', 'Sports'),
(5, 'MRF', 'Sports'),
(6, 'Coca-Cola', 'Beverages'),
(7, 'PepsiCo', 'Beverages'),
(8, 'Apple', 'Technology'),
(9, 'Samsung', 'Technology'),
(10, 'Google', 'Technology'),
(11, 'Sony', 'Technology'),
(12, 'Microsoft', 'Technology'),
(13, 'IBM', 'Technology'),
(14, 'Amazon', 'Technology'),
(15, 'Under Armour', 'Sports'),
(16, 'New Balance', 'Sports'),
(17, 'Oakley', 'Sports'),
(18, 'Gatorade', 'Beverages'),
(19, 'Red Bull', 'Beverages'),
(20, 'FILA', 'Sports')


GO

INSERT INTO [BrandAmbassador] (AmbassadorID,CompanyID,PlayerID,StartDate,EndDate)
VALUES 
(1,1,1,'2022-03-15','2023-12-31'),
(2,3,2,'2022-05-20','2024-02-29'),
(3,20,3,'2021-12-10','2023-11-15'),
(4,20,4,'2022-01-05','2023-09-20'),
(5,20,5,'2022-07-18','2024-01-30'),
(6,11,6,'2023-02-28','2024-06-10'),
(7,9,7,'2021-11-10','2023-08-25'),
(8,2,8,'2022-09-05','2024-03-12'),
(9,6,9,'2023-04-20','2024-09-05'),
(10,8,10,'2022-06-15','2023-12-20'),
(11,10,11,'2023-01-10','2024-07-03'),
(12,16,12,'2022-08-02','2023-10-29'),
(13,1,13,'2023-03-25','2024-05-15'),
(14,2,14,'2021-10-30','2023-11-28'),
(15,17,15,'2022-12-18','2024-04-02'),
(16,4,16,'2022-04-10','2023-06-20'),
(17,16,17,'2023-06-05','2024-10-10'),
(18,7,18,'2021-09-15','2023-07-18'),
(19,9,19,'2022-11-20','2024-01-05'),
(20,12,20,'2022-07-01','2023-09-30'),
(21,13,21,'2022-10-12','2024-02-15'),
(22,13,22,'2023-05-05','2024-06-20'),
(23,5,23,'2021-12-28','2023-10-05'),
(24,8,24,'2022-02-20','2024-04-18'),
(25,19,25,'2023-08-15','2024-11-20'),
(26,15,26,'2022-07-10','2023-12-25'),
(27,14,27,'2022-09-30','2024-03-10'),
(28,14,28,'2023-01-18','2024-06-15'),
(29,14,29,'2022-05-20','2023-08-10'),
(30,11,30,'2022-12-01','2024-02-28'),
(31,8,31,'2022-04-05','2023-11-20'),
(32,18,32,'2023-03-10','2024-05-30'),
(33,13,33,'2022-06-28','2023-10-10'),
(34,4,34,'2023-01-15','2024-04-20'),
(35,10,35,'2022-08-20','2023-12-31'),
(36,14,36,'2023-02-05','2024-03-18'),
(37,20,37,'2022-07-10','2023-08-30'),
(38,7,38,'2023-04-18','2024-06-22'),
(39,1,39,'2022-11-30','2024-01-25'),
(40,20,40,'2022-03-22','2023-09-15'),
(41,16,41,'2022-05-28','2023-07-10'),
(42,17,42,'2023-02-15','2024-05-20'),
(43,13,43,'2022-09-10','2023-11-25'),
(44,9,44,'2022-07-05','2023-08-18'),
(45,1,45,'2023-04-20','2024-06-30'),
(46,15,46,'2022-06-15','2023-08-10'),
(47,5,47,'2022-12-10','2024-02-05'),
(48,14,48,'2023-01-30','2024-05-15'),
(49,12,49,'2022-08-25','2023-11-12'),
(50,18,50,'2022-07-20','2024-01-28'),
(51,19,51,'2023-03-05','2024-07-10'),
(52,17,52,'2022-04-15','2023-10-20'),
(53,7,53,'2023-02-20','2024-04-30'),
(54,8,54,'2022-09-28','2023-12-15'),
(55,11,55,'2022-12-10','2024-02-28'),
(56,20,56,'2022-08-08','2023-11-20'),
(57,5,57,'2022-03-10','2023-06-05'),
(58,6,58,'2022-10-18','2024-02-10'),
(59,16,59,'2023-01-05','2024-03-20'),
(60,20,60,'2022-11-12','2023-12-30'),
(61,20,61,'2023-03-15','2024-04-20'),
(62,5,62,'2022-06-10','2023-08-25'),
(63,15,63,'2023-02-28','2024-05-15'),
(64,3,64,'2022-09-20','2023-12-10'),
(65,19,65,'2022-08-05','2023-09-18'),
(66,1,66,'2023-01-10','2024-03-05'),
(67,18,67,'2022-07-01','2023-10-30'),
(68,5,68,'2023-02-15','2024-04-25'),
(69,2,69,'2021-03-01','2020-06-05')


GO

OPEN SYMMETRIC KEY DAMGGROUP12SymmetricKey
DECRYPTION BY CERTIFICATE DAMGGROUP12Certificate;

INSERT INTO [InjuryDetail] (PhysioID,[PlayerID],InjuryType,InjuryDate,RecoveryDuration)
VALUES 
(1,1,EncryptByKey(Key_GUID('DAMGGROUP12SymmetricKey'), 'Overuse'),EncryptByKey(Key_GUID('DAMGGROUP12SymmetricKey'), '2023-07-12'),EncryptByKey(Key_GUID('DAMGGROUP12SymmetricKey'), '4 weeks')),
(2,2,EncryptByKey(Key_GUID('DAMGGROUP12SymmetricKey'), 'Musculoskeletal'),EncryptByKey(Key_GUID('DAMGGROUP12SymmetricKey'), '2024-01-25'),EncryptByKey(Key_GUID('DAMGGROUP12SymmetricKey'), '6 weeks')),
(3,3,EncryptByKey(Key_GUID('DAMGGROUP12SymmetricKey'), 'Soft Tissue'),EncryptByKey(Key_GUID('DAMGGROUP12SymmetricKey'), '2022-09-08'),EncryptByKey(Key_GUID('DAMGGROUP12SymmetricKey'), '3 weeks')),
(4,4,EncryptByKey(Key_GUID('DAMGGROUP12SymmetricKey'), 'Impact'),EncryptByKey(Key_GUID('DAMGGROUP12SymmetricKey'), '2023-04-16'),EncryptByKey(Key_GUID('DAMGGROUP12SymmetricKey'), '2 weeks')),
(5,5,EncryptByKey(Key_GUID('DAMGGROUP12SymmetricKey'), 'Joint'),EncryptByKey(Key_GUID('DAMGGROUP12SymmetricKey'), '2023-11-30'),EncryptByKey(Key_GUID('DAMGGROUP12SymmetricKey'), '8 weeks')),
(6,6,EncryptByKey(Key_GUID('DAMGGROUP12SymmetricKey'), 'Spinal'),EncryptByKey(Key_GUID('DAMGGROUP12SymmetricKey'), '2022-08-20'),EncryptByKey(Key_GUID('DAMGGROUP12SymmetricKey'), '10 weeks')),
(7,7,EncryptByKey(Key_GUID('DAMGGROUP12SymmetricKey'), 'Overuse'),EncryptByKey(Key_GUID('DAMGGROUP12SymmetricKey'), '2024-02-10'),EncryptByKey(Key_GUID('DAMGGROUP12SymmetricKey'), '5 weeks')),
(8,8,EncryptByKey(Key_GUID('DAMGGROUP12SymmetricKey'), 'Musculoskeletal'),EncryptByKey(Key_GUID('DAMGGROUP12SymmetricKey'), '2023-06-05'),EncryptByKey(Key_GUID('DAMGGROUP12SymmetricKey'), '7 weeks')),
(9,9,EncryptByKey(Key_GUID('DAMGGROUP12SymmetricKey'), 'Impact'),EncryptByKey(Key_GUID('DAMGGROUP12SymmetricKey'), '2023-10-18'),EncryptByKey(Key_GUID('DAMGGROUP12SymmetricKey'), '4 weeks')),
(10,10,EncryptByKey(Key_GUID('DAMGGROUP12SymmetricKey'), 'Soft Tissue'),EncryptByKey(Key_GUID('DAMGGROUP12SymmetricKey'), '2022-12-22'),EncryptByKey(Key_GUID('DAMGGROUP12SymmetricKey'), '6 weeks')),
(11,11,EncryptByKey(Key_GUID('DAMGGROUP12SymmetricKey'), 'Spinal'),EncryptByKey(Key_GUID('DAMGGROUP12SymmetricKey'), '2023-03-05'),EncryptByKey(Key_GUID('DAMGGROUP12SymmetricKey'), '9 weeks')),
(12,12,EncryptByKey(Key_GUID('DAMGGROUP12SymmetricKey'), 'Overuse'),EncryptByKey(Key_GUID('DAMGGROUP12SymmetricKey'), '2022-11-12'),EncryptByKey(Key_GUID('DAMGGROUP12SymmetricKey'), '3 weeks')),
(13,13,EncryptByKey(Key_GUID('DAMGGROUP12SymmetricKey'), 'Joint'),EncryptByKey(Key_GUID('DAMGGROUP12SymmetricKey'), '2023-08-28'),EncryptByKey(Key_GUID('DAMGGROUP12SymmetricKey'), '5 weeks')),
(14,14,EncryptByKey(Key_GUID('DAMGGROUP12SymmetricKey'), 'Musculoskeletal'),EncryptByKey(Key_GUID('DAMGGROUP12SymmetricKey'), '2022-10-15'),EncryptByKey(Key_GUID('DAMGGROUP12SymmetricKey'), '8 weeks')),
(15,15,EncryptByKey(Key_GUID('DAMGGROUP12SymmetricKey'), 'Soft Tissue'),EncryptByKey(Key_GUID('DAMGGROUP12SymmetricKey'), '2023-01-20'),EncryptByKey(Key_GUID('DAMGGROUP12SymmetricKey'), '4 weeks')),
(16,16,EncryptByKey(Key_GUID('DAMGGROUP12SymmetricKey'), 'Impact'),EncryptByKey(Key_GUID('DAMGGROUP12SymmetricKey'), '2022-07-30'),EncryptByKey(Key_GUID('DAMGGROUP12SymmetricKey'), '2 weeks')),
(17,17,EncryptByKey(Key_GUID('DAMGGROUP12SymmetricKey'), 'Overuse'),EncryptByKey(Key_GUID('DAMGGROUP12SymmetricKey'), '2023-05-10'),EncryptByKey(Key_GUID('DAMGGROUP12SymmetricKey'), '6 weeks')),
(18,18,EncryptByKey(Key_GUID('DAMGGROUP12SymmetricKey'), 'Musculoskeletal'),EncryptByKey(Key_GUID('DAMGGROUP12SymmetricKey'), '2024-03-05'),EncryptByKey(Key_GUID('DAMGGROUP12SymmetricKey'), '7 weeks')),
(19,19,EncryptByKey(Key_GUID('DAMGGROUP12SymmetricKey'), 'Spinal'),EncryptByKey(Key_GUID('DAMGGROUP12SymmetricKey'), '2023-09-15'),EncryptByKey(Key_GUID('DAMGGROUP12SymmetricKey'), '9 weeks')),
(20,20,EncryptByKey(Key_GUID('DAMGGROUP12SymmetricKey'), 'Soft Tissue'),EncryptByKey(Key_GUID('DAMGGROUP12SymmetricKey'), '2022-06-18'),EncryptByKey(Key_GUID('DAMGGROUP12SymmetricKey'), '5 weeks')),
(21,21,EncryptByKey(Key_GUID('DAMGGROUP12SymmetricKey'), 'Joint'),EncryptByKey(Key_GUID('DAMGGROUP12SymmetricKey'), '2022-11-30'),EncryptByKey(Key_GUID('DAMGGROUP12SymmetricKey'), '8 weeks')),
(22,22,EncryptByKey(Key_GUID('DAMGGROUP12SymmetricKey'), 'Musculoskeletal'),EncryptByKey(Key_GUID('DAMGGROUP12SymmetricKey'), '2023-04-10'),EncryptByKey(Key_GUID('DAMGGROUP12SymmetricKey'), '6 weeks')),
(23,23,EncryptByKey(Key_GUID('DAMGGROUP12SymmetricKey'), 'Impact'),EncryptByKey(Key_GUID('DAMGGROUP12SymmetricKey'), '2024-01-05'),EncryptByKey(Key_GUID('DAMGGROUP12SymmetricKey'), '3 weeks')),
(24,24,EncryptByKey(Key_GUID('DAMGGROUP12SymmetricKey'), 'Overuse'),EncryptByKey(Key_GUID('DAMGGROUP12SymmetricKey'), '2023-07-20'),EncryptByKey(Key_GUID('DAMGGROUP12SymmetricKey'), '4 weeks')),
(25,25,EncryptByKey(Key_GUID('DAMGGROUP12SymmetricKey'), 'Soft Tissue'),EncryptByKey(Key_GUID('DAMGGROUP12SymmetricKey'), '2022-08-28'),EncryptByKey(Key_GUID('DAMGGROUP12SymmetricKey'), '7 weeks')),
(26,26,EncryptByKey(Key_GUID('DAMGGROUP12SymmetricKey'), 'Joint'),EncryptByKey(Key_GUID('DAMGGROUP12SymmetricKey'), '2023-02-15'),EncryptByKey(Key_GUID('DAMGGROUP12SymmetricKey'), '6 weeks')),
(27,27,EncryptByKey(Key_GUID('DAMGGROUP12SymmetricKey'), 'Musculoskeletal'),EncryptByKey(Key_GUID('DAMGGROUP12SymmetricKey'), '2023-10-10'),EncryptByKey(Key_GUID('DAMGGROUP12SymmetricKey'), '5 weeks')),
(28,28,EncryptByKey(Key_GUID('DAMGGROUP12SymmetricKey'), 'Spinal'),EncryptByKey(Key_GUID('DAMGGROUP12SymmetricKey'), '2022-12-05'),EncryptByKey(Key_GUID('DAMGGROUP12SymmetricKey'), '8 weeks')),
(29,29,EncryptByKey(Key_GUID('DAMGGROUP12SymmetricKey'), 'Overuse'),EncryptByKey(Key_GUID('DAMGGROUP12SymmetricKey'), '2022-09-12'),EncryptByKey(Key_GUID('DAMGGROUP12SymmetricKey'), '6 weeks')),
(30,30,EncryptByKey(Key_GUID('DAMGGROUP12SymmetricKey'), 'Soft Tissue'),EncryptByKey(Key_GUID('DAMGGROUP12SymmetricKey'), '2023-06-30'),EncryptByKey(Key_GUID('DAMGGROUP12SymmetricKey'), '4 weeks')),
(31,31,EncryptByKey(Key_GUID('DAMGGROUP12SymmetricKey'), 'Impact'),EncryptByKey(Key_GUID('DAMGGROUP12SymmetricKey'), '2022-10-25'),EncryptByKey(Key_GUID('DAMGGROUP12SymmetricKey'), '3 weeks')),
(32,32,EncryptByKey(Key_GUID('DAMGGROUP12SymmetricKey'), 'Joint'),EncryptByKey(Key_GUID('DAMGGROUP12SymmetricKey'), '2023-04-18'),EncryptByKey(Key_GUID('DAMGGROUP12SymmetricKey'), '7 weeks')),
(33,33,EncryptByKey(Key_GUID('DAMGGROUP12SymmetricKey'), 'Musculoskeletal'),EncryptByKey(Key_GUID('DAMGGROUP12SymmetricKey'), '2023-01-15'),EncryptByKey(Key_GUID('DAMGGROUP12SymmetricKey'), '5 weeks')),
(34,34,EncryptByKey(Key_GUID('DAMGGROUP12SymmetricKey'), 'Overuse'),EncryptByKey(Key_GUID('DAMGGROUP12SymmetricKey'), '2024-02-08'),EncryptByKey(Key_GUID('DAMGGROUP12SymmetricKey'), '6 weeks')),
(35,35,EncryptByKey(Key_GUID('DAMGGROUP12SymmetricKey'), 'Spinal'),EncryptByKey(Key_GUID('DAMGGROUP12SymmetricKey'), '2022-07-10'),EncryptByKey(Key_GUID('DAMGGROUP12SymmetricKey'), '9 weeks')),
(36,36,EncryptByKey(Key_GUID('DAMGGROUP12SymmetricKey'), 'Soft Tissue'),EncryptByKey(Key_GUID('DAMGGROUP12SymmetricKey'), '2023-03-28'),EncryptByKey(Key_GUID('DAMGGROUP12SymmetricKey'), '5 weeks')),
(37,37,EncryptByKey(Key_GUID('DAMGGROUP12SymmetricKey'), 'Impact'),EncryptByKey(Key_GUID('DAMGGROUP12SymmetricKey'), '2022-11-18'),EncryptByKey(Key_GUID('DAMGGROUP12SymmetricKey'), '2 weeks')),
(38,38,EncryptByKey(Key_GUID('DAMGGROUP12SymmetricKey'), 'Overuse'),EncryptByKey(Key_GUID('DAMGGROUP12SymmetricKey'), '2023-08-05'),EncryptByKey(Key_GUID('DAMGGROUP12SymmetricKey'), '7 weeks')),
(39,39,EncryptByKey(Key_GUID('DAMGGROUP12SymmetricKey'), 'Joint'),EncryptByKey(Key_GUID('DAMGGROUP12SymmetricKey'), '2024-01-10'),EncryptByKey(Key_GUID('DAMGGROUP12SymmetricKey'), '6 weeks')),
(40,40,EncryptByKey(Key_GUID('DAMGGROUP12SymmetricKey'), 'Musculoskeletal'),EncryptByKey(Key_GUID('DAMGGROUP12SymmetricKey'), '2023-05-25'),EncryptByKey(Key_GUID('DAMGGROUP12SymmetricKey'), '8 weeks')),
(41,41,EncryptByKey(Key_GUID('DAMGGROUP12SymmetricKey'), 'Soft Tissue'),EncryptByKey(Key_GUID('DAMGGROUP12SymmetricKey'), '2022-12-30'),EncryptByKey(Key_GUID('DAMGGROUP12SymmetricKey'), '4 weeks')),
(42,42,EncryptByKey(Key_GUID('DAMGGROUP12SymmetricKey'), 'Impact'),EncryptByKey(Key_GUID('DAMGGROUP12SymmetricKey'), '2023-07-15'),EncryptByKey(Key_GUID('DAMGGROUP12SymmetricKey'), '3 weeks')),
(43,43,EncryptByKey(Key_GUID('DAMGGROUP12SymmetricKey'), 'Overuse'),EncryptByKey(Key_GUID('DAMGGROUP12SymmetricKey'), '2024-03-20'),EncryptByKey(Key_GUID('DAMGGROUP12SymmetricKey'), '6 weeks')),
(44,44,EncryptByKey(Key_GUID('DAMGGROUP12SymmetricKey'), 'Spinal'),EncryptByKey(Key_GUID('DAMGGROUP12SymmetricKey'), '2023-02-10'),EncryptByKey(Key_GUID('DAMGGROUP12SymmetricKey'), '9 weeks')),
(45,45,EncryptByKey(Key_GUID('DAMGGROUP12SymmetricKey'), 'Soft Tissue'),EncryptByKey(Key_GUID('DAMGGROUP12SymmetricKey'), '2022-10-20'),EncryptByKey(Key_GUID('DAMGGROUP12SymmetricKey'), '5 weeks')),
(46,46,EncryptByKey(Key_GUID('DAMGGROUP12SymmetricKey'), 'Joint'),EncryptByKey(Key_GUID('DAMGGROUP12SymmetricKey'), '2023-09-05'),EncryptByKey(Key_GUID('DAMGGROUP12SymmetricKey'), '7 weeks')),
(47,47,EncryptByKey(Key_GUID('DAMGGROUP12SymmetricKey'), 'Musculoskeletal'),EncryptByKey(Key_GUID('DAMGGROUP12SymmetricKey'), '2023-04-02'),EncryptByKey(Key_GUID('DAMGGROUP12SymmetricKey'), '8 weeks')),
(48,48,EncryptByKey(Key_GUID('DAMGGROUP12SymmetricKey'), 'Overuse'),EncryptByKey(Key_GUID('DAMGGROUP12SymmetricKey'), '2023-06-12'),EncryptByKey(Key_GUID('DAMGGROUP12SymmetricKey'), '6 weeks')),
(49,49,EncryptByKey(Key_GUID('DAMGGROUP12SymmetricKey'), 'Soft Tissue'),EncryptByKey(Key_GUID('DAMGGROUP12SymmetricKey'), '2022-09-25'),EncryptByKey(Key_GUID('DAMGGROUP12SymmetricKey'), '5 weeks')),
(50,50,EncryptByKey(Key_GUID('DAMGGROUP12SymmetricKey'), 'Impact'),EncryptByKey(Key_GUID('DAMGGROUP12SymmetricKey'), '2023-01-08'),EncryptByKey(Key_GUID('DAMGGROUP12SymmetricKey'), '3 weeks')),
(51,51,EncryptByKey(Key_GUID('DAMGGROUP12SymmetricKey'), 'Joint'),EncryptByKey(Key_GUID('DAMGGROUP12SymmetricKey'), '2023-07-16'),EncryptByKey(Key_GUID('DAMGGROUP12SymmetricKey'), '7 weeks')),
(52,52,EncryptByKey(Key_GUID('DAMGGROUP12SymmetricKey'), 'Musculoskeletal'),EncryptByKey(Key_GUID('DAMGGROUP12SymmetricKey'), '2022-12-30'),EncryptByKey(Key_GUID('DAMGGROUP12SymmetricKey'), '8 weeks')),
(53,53,EncryptByKey(Key_GUID('DAMGGROUP12SymmetricKey'), 'Spinal'),EncryptByKey(Key_GUID('DAMGGROUP12SymmetricKey'), '2023-05-05'),EncryptByKey(Key_GUID('DAMGGROUP12SymmetricKey'), '9 weeks')),
(54,54,EncryptByKey(Key_GUID('DAMGGROUP12SymmetricKey'), 'Overuse'),EncryptByKey(Key_GUID('DAMGGROUP12SymmetricKey'), '2023-02-20'),EncryptByKey(Key_GUID('DAMGGROUP12SymmetricKey'), '6 weeks')),
(55,55,EncryptByKey(Key_GUID('DAMGGROUP12SymmetricKey'), 'Soft Tissue'),EncryptByKey(Key_GUID('DAMGGROUP12SymmetricKey'), '2024-01-18'),EncryptByKey(Key_GUID('DAMGGROUP12SymmetricKey'), '5 weeks')),
(56,56,EncryptByKey(Key_GUID('DAMGGROUP12SymmetricKey'), 'Joint'),EncryptByKey(Key_GUID('DAMGGROUP12SymmetricKey'), '2023-08-12'),EncryptByKey(Key_GUID('DAMGGROUP12SymmetricKey'), '7 weeks')),
(57,57,EncryptByKey(Key_GUID('DAMGGROUP12SymmetricKey'), 'Musculoskeletal'),EncryptByKey(Key_GUID('DAMGGROUP12SymmetricKey'), '2023-03-28'),EncryptByKey(Key_GUID('DAMGGROUP12SymmetricKey'), '8 weeks')),
(58,58,EncryptByKey(Key_GUID('DAMGGROUP12SymmetricKey'), 'Soft Tissue'),EncryptByKey(Key_GUID('DAMGGROUP12SymmetricKey'), '2022-11-10'),EncryptByKey(Key_GUID('DAMGGROUP12SymmetricKey'), '4 weeks')),
(59,59,EncryptByKey(Key_GUID('DAMGGROUP12SymmetricKey'), 'Impact'),EncryptByKey(Key_GUID('DAMGGROUP12SymmetricKey'), '2022-07-25'),EncryptByKey(Key_GUID('DAMGGROUP12SymmetricKey'), '2 weeks')),
(60,60,EncryptByKey(Key_GUID('DAMGGROUP12SymmetricKey'), 'Overuse'),EncryptByKey(Key_GUID('DAMGGROUP12SymmetricKey'), '2023-06-20'),EncryptByKey(Key_GUID('DAMGGROUP12SymmetricKey'), '6 weeks')),
(61,61,EncryptByKey(Key_GUID('DAMGGROUP12SymmetricKey'), 'Spinal'),EncryptByKey(Key_GUID('DAMGGROUP12SymmetricKey'), '2023-02-02'),EncryptByKey(Key_GUID('DAMGGROUP12SymmetricKey'), '9 weeks')),
(62,62,EncryptByKey(Key_GUID('DAMGGROUP12SymmetricKey'), 'Soft Tissue'),EncryptByKey(Key_GUID('DAMGGROUP12SymmetricKey'), '2022-09-15'),EncryptByKey(Key_GUID('DAMGGROUP12SymmetricKey'), '5 weeks')),
(63,63,EncryptByKey(Key_GUID('DAMGGROUP12SymmetricKey'), 'Joint'),EncryptByKey(Key_GUID('DAMGGROUP12SymmetricKey'), '2023-04-28'),EncryptByKey(Key_GUID('DAMGGROUP12SymmetricKey'), '7 weeks')),
(64,64,EncryptByKey(Key_GUID('DAMGGROUP12SymmetricKey'), 'Musculoskeletal'),EncryptByKey(Key_GUID('DAMGGROUP12SymmetricKey'), '2023-01-12'),EncryptByKey(Key_GUID('DAMGGROUP12SymmetricKey'), '8 weeks')),
(65,65,EncryptByKey(Key_GUID('DAMGGROUP12SymmetricKey'), 'Overuse'),EncryptByKey(Key_GUID('DAMGGROUP12SymmetricKey'), '2024-02-10'),EncryptByKey(Key_GUID('DAMGGROUP12SymmetricKey'), '6 weeks')),
(66,66,EncryptByKey(Key_GUID('DAMGGROUP12SymmetricKey'), 'Spinal'),EncryptByKey(Key_GUID('DAMGGROUP12SymmetricKey'), '2023-07-05'),EncryptByKey(Key_GUID('DAMGGROUP12SymmetricKey'), '9 weeks')),
(67,67,EncryptByKey(Key_GUID('DAMGGROUP12SymmetricKey'), 'Soft Tissue'),EncryptByKey(Key_GUID('DAMGGROUP12SymmetricKey'), '2022-12-20'),EncryptByKey(Key_GUID('DAMGGROUP12SymmetricKey'), '5 weeks')),
(68,68,EncryptByKey(Key_GUID('DAMGGROUP12SymmetricKey'), 'Impact'),EncryptByKey(Key_GUID('DAMGGROUP12SymmetricKey'), '2023-05-15'),EncryptByKey(Key_GUID('DAMGGROUP12SymmetricKey'), '3 weeks')),
(69,69,EncryptByKey(Key_GUID('DAMGGROUP12SymmetricKey'), 'Overuse'),EncryptByKey(Key_GUID('DAMGGROUP12SymmetricKey'), '2023-09-28'),EncryptByKey(Key_GUID('DAMGGROUP12SymmetricKey'), '6 weeks')),
(70,70,EncryptByKey(Key_GUID('DAMGGROUP12SymmetricKey'), 'Soft Tissue'),EncryptByKey(Key_GUID('DAMGGROUP12SymmetricKey'), '2022-11-18'),EncryptByKey(Key_GUID('DAMGGROUP12SymmetricKey'), '5 weeks')),
(71,71,EncryptByKey(Key_GUID('DAMGGROUP12SymmetricKey'), 'Joint'),EncryptByKey(Key_GUID('DAMGGROUP12SymmetricKey'), '2023-03-12'),EncryptByKey(Key_GUID('DAMGGROUP12SymmetricKey'), '7 weeks')),
(72,72,EncryptByKey(Key_GUID('DAMGGROUP12SymmetricKey'), 'Musculoskeletal'),EncryptByKey(Key_GUID('DAMGGROUP12SymmetricKey'), '2023-07-30'),EncryptByKey(Key_GUID('DAMGGROUP12SymmetricKey'), '8 weeks')),
(73,73,EncryptByKey(Key_GUID('DAMGGROUP12SymmetricKey'), 'Soft Tissue'),EncryptByKey(Key_GUID('DAMGGROUP12SymmetricKey'), '2022-10-08'),EncryptByKey(Key_GUID('DAMGGROUP12SymmetricKey'), '4 weeks')),
(74,74,EncryptByKey(Key_GUID('DAMGGROUP12SymmetricKey'), 'Overuse'),EncryptByKey(Key_GUID('DAMGGROUP12SymmetricKey'), '2023-04-05'),EncryptByKey(Key_GUID('DAMGGROUP12SymmetricKey'), '6 weeks')),
(75,75,EncryptByKey(Key_GUID('DAMGGROUP12SymmetricKey'), 'Spinal'),EncryptByKey(Key_GUID('DAMGGROUP12SymmetricKey'), '2024-01-02'),EncryptByKey(Key_GUID('DAMGGROUP12SymmetricKey'), '9 weeks')),
(76,76,EncryptByKey(Key_GUID('DAMGGROUP12SymmetricKey'), 'Soft Tissue'),EncryptByKey(Key_GUID('DAMGGROUP12SymmetricKey'), '2022-08-20'),EncryptByKey(Key_GUID('DAMGGROUP12SymmetricKey'), '5 weeks')),
(77,77,EncryptByKey(Key_GUID('DAMGGROUP12SymmetricKey'), 'Impact'),EncryptByKey(Key_GUID('DAMGGROUP12SymmetricKey'), '2023-03-15'),EncryptByKey(Key_GUID('DAMGGROUP12SymmetricKey'), '3 weeks')),
(78,78,EncryptByKey(Key_GUID('DAMGGROUP12SymmetricKey'), 'Overuse'),EncryptByKey(Key_GUID('DAMGGROUP12SymmetricKey'), '2023-10-18'),EncryptByKey(Key_GUID('DAMGGROUP12SymmetricKey'), '6 weeks')),
(79,79,EncryptByKey(Key_GUID('DAMGGROUP12SymmetricKey'), 'Soft Tissue'),EncryptByKey(Key_GUID('DAMGGROUP12SymmetricKey'), '2022-12-28'),EncryptByKey(Key_GUID('DAMGGROUP12SymmetricKey'), '5 weeks')),
(80,80,EncryptByKey(Key_GUID('DAMGGROUP12SymmetricKey'), 'Joint'),EncryptByKey(Key_GUID('DAMGGROUP12SymmetricKey'), '2023-08-05'),EncryptByKey(Key_GUID('DAMGGROUP12SymmetricKey'), '7 weeks')),
(81,81,EncryptByKey(Key_GUID('DAMGGROUP12SymmetricKey'), 'Musculoskeletal'),EncryptByKey(Key_GUID('DAMGGROUP12SymmetricKey'), '2023-02-20'),EncryptByKey(Key_GUID('DAMGGROUP12SymmetricKey'), '8 weeks')),
(82,82,EncryptByKey(Key_GUID('DAMGGROUP12SymmetricKey'), 'Overuse'),EncryptByKey(Key_GUID('DAMGGROUP12SymmetricKey'), '2022-07-10'),EncryptByKey(Key_GUID('DAMGGROUP12SymmetricKey'), '6 weeks')),
(83,83,EncryptByKey(Key_GUID('DAMGGROUP12SymmetricKey'), 'Soft Tissue'),EncryptByKey(Key_GUID('DAMGGROUP12SymmetricKey'), '2023-05-28'),EncryptByKey(Key_GUID('DAMGGROUP12SymmetricKey'), '4 weeks')),
(84,84,EncryptByKey(Key_GUID('DAMGGROUP12SymmetricKey'), 'Impact'),EncryptByKey(Key_GUID('DAMGGROUP12SymmetricKey'), '2023-01-22'),EncryptByKey(Key_GUID('DAMGGROUP12SymmetricKey'), '2 weeks')),
(85,85,EncryptByKey(Key_GUID('DAMGGROUP12SymmetricKey'), 'Soft Tissue'),EncryptByKey(Key_GUID('DAMGGROUP12SymmetricKey'), '2022-11-30'),EncryptByKey(Key_GUID('DAMGGROUP12SymmetricKey'), '5 weeks')),
(86,86,EncryptByKey(Key_GUID('DAMGGROUP12SymmetricKey'), 'Joint'),EncryptByKey(Key_GUID('DAMGGROUP12SymmetricKey'), '2023-06-15'),EncryptByKey(Key_GUID('DAMGGROUP12SymmetricKey'), '7 weeks')),
(87,87,EncryptByKey(Key_GUID('DAMGGROUP12SymmetricKey'), 'Musculoskeletal'),EncryptByKey(Key_GUID('DAMGGROUP12SymmetricKey'), '2024-02-05'),EncryptByKey(Key_GUID('DAMGGROUP12SymmetricKey'), '8 weeks')),
(88,88,EncryptByKey(Key_GUID('DAMGGROUP12SymmetricKey'), 'Soft Tissue'),EncryptByKey(Key_GUID('DAMGGROUP12SymmetricKey'), '2023-03-20'),EncryptByKey(Key_GUID('DAMGGROUP12SymmetricKey'), '5 weeks')),
(89,89,EncryptByKey(Key_GUID('DAMGGROUP12SymmetricKey'), 'Overuse'),EncryptByKey(Key_GUID('DAMGGROUP12SymmetricKey'), '2022-09-18'),EncryptByKey(Key_GUID('DAMGGROUP12SymmetricKey'), '6 weeks')),
(90,90,EncryptByKey(Key_GUID('DAMGGROUP12SymmetricKey'), 'Soft Tissue'),EncryptByKey(Key_GUID('DAMGGROUP12SymmetricKey'), '2023-05-10'),EncryptByKey(Key_GUID('DAMGGROUP12SymmetricKey'), '5 weeks')),
(91,91,EncryptByKey(Key_GUID('DAMGGROUP12SymmetricKey'), 'Impact'),EncryptByKey(Key_GUID('DAMGGROUP12SymmetricKey'), '2023-11-12'),EncryptByKey(Key_GUID('DAMGGROUP12SymmetricKey'), '3 weeks')),
(92,92,EncryptByKey(Key_GUID('DAMGGROUP12SymmetricKey'), 'Soft Tissue'),EncryptByKey(Key_GUID('DAMGGROUP12SymmetricKey'), '2022-12-22'),EncryptByKey(Key_GUID('DAMGGROUP12SymmetricKey'), '5 weeks')),
(93,93,EncryptByKey(Key_GUID('DAMGGROUP12SymmetricKey'), 'Joint'),EncryptByKey(Key_GUID('DAMGGROUP12SymmetricKey'), '2023-07-28'),EncryptByKey(Key_GUID('DAMGGROUP12SymmetricKey'), '7 weeks')),
(94,94,EncryptByKey(Key_GUID('DAMGGROUP12SymmetricKey'), 'Spinal'),EncryptByKey(Key_GUID('DAMGGROUP12SymmetricKey'), '2023-04-05'),EncryptByKey(Key_GUID('DAMGGROUP12SymmetricKey'), '9 weeks')),
(95,95,EncryptByKey(Key_GUID('DAMGGROUP12SymmetricKey'), 'Soft Tissue'),EncryptByKey(Key_GUID('DAMGGROUP12SymmetricKey'), '2022-10-12'),EncryptByKey(Key_GUID('DAMGGROUP12SymmetricKey'), '5 weeks')),
(96,96,EncryptByKey(Key_GUID('DAMGGROUP12SymmetricKey'), 'Impact'),EncryptByKey(Key_GUID('DAMGGROUP12SymmetricKey'), '2023-01-28'),EncryptByKey(Key_GUID('DAMGGROUP12SymmetricKey'), '3 weeks')),
(97,97,EncryptByKey(Key_GUID('DAMGGROUP12SymmetricKey'), 'Overuse'),EncryptByKey(Key_GUID('DAMGGROUP12SymmetricKey'), '2023-06-20'),EncryptByKey(Key_GUID('DAMGGROUP12SymmetricKey'), '6 weeks')),
(98,98,EncryptByKey(Key_GUID('DAMGGROUP12SymmetricKey'), 'Soft Tissue'),EncryptByKey(Key_GUID('DAMGGROUP12SymmetricKey'), '2022-12-15'),EncryptByKey(Key_GUID('DAMGGROUP12SymmetricKey'), '5 weeks')),
(99,99,EncryptByKey(Key_GUID('DAMGGROUP12SymmetricKey'), 'Joint'),EncryptByKey(Key_GUID('DAMGGROUP12SymmetricKey'), '2023-05-10'),EncryptByKey(Key_GUID('DAMGGROUP12SymmetricKey'), '7 weeks')),
(100,100,EncryptByKey(Key_GUID('DAMGGROUP12SymmetricKey'), 'Musculoskeletal'),EncryptByKey(Key_GUID('DAMGGROUP12SymmetricKey'), '2024-02-28'),EncryptByKey(Key_GUID('DAMGGROUP12SymmetricKey'), '8 weeks')),
(101,101,EncryptByKey(Key_GUID('DAMGGROUP12SymmetricKey'), 'Soft Tissue'),EncryptByKey(Key_GUID('DAMGGROUP12SymmetricKey'), '2023-03-18'),EncryptByKey(Key_GUID('DAMGGROUP12SymmetricKey'), '5 weeks')),
(102,102,EncryptByKey(Key_GUID('DAMGGROUP12SymmetricKey'), 'Impact'),EncryptByKey(Key_GUID('DAMGGROUP12SymmetricKey'), '2022-11-25'),EncryptByKey(Key_GUID('DAMGGROUP12SymmetricKey'), '2 weeks')),
(103,103,EncryptByKey(Key_GUID('DAMGGROUP12SymmetricKey'), 'Soft Tissue'),EncryptByKey(Key_GUID('DAMGGROUP12SymmetricKey'), '2023-08-05'),EncryptByKey(Key_GUID('DAMGGROUP12SymmetricKey'), '5 weeks')),
(104,104,EncryptByKey(Key_GUID('DAMGGROUP12SymmetricKey'), 'Overuse'),EncryptByKey(Key_GUID('DAMGGROUP12SymmetricKey'), '2022-09-30'),EncryptByKey(Key_GUID('DAMGGROUP12SymmetricKey'), '6 weeks')),
(105,105,EncryptByKey(Key_GUID('DAMGGROUP12SymmetricKey'), 'Soft Tissue'),EncryptByKey(Key_GUID('DAMGGROUP12SymmetricKey'), '2023-05-15'),EncryptByKey(Key_GUID('DAMGGROUP12SymmetricKey'), '5 weeks')),
(106,106,EncryptByKey(Key_GUID('DAMGGROUP12SymmetricKey'), 'Joint'),EncryptByKey(Key_GUID('DAMGGROUP12SymmetricKey'), '2022-12-28'),EncryptByKey(Key_GUID('DAMGGROUP12SymmetricKey'), '7 weeks')),
(107,107,EncryptByKey(Key_GUID('DAMGGROUP12SymmetricKey'), 'Musculoskeletal'),EncryptByKey(Key_GUID('DAMGGROUP12SymmetricKey'), '2023-07-20'),EncryptByKey(Key_GUID('DAMGGROUP12SymmetricKey'), '8 weeks')),
(108,108,EncryptByKey(Key_GUID('DAMGGROUP12SymmetricKey'), 'Soft Tissue'),EncryptByKey(Key_GUID('DAMGGROUP12SymmetricKey'), '2022-10-10'),EncryptByKey(Key_GUID('DAMGGROUP12SymmetricKey'), '5 weeks')),
(109,109,EncryptByKey(Key_GUID('DAMGGROUP12SymmetricKey'), 'Overuse'),EncryptByKey(Key_GUID('DAMGGROUP12SymmetricKey'), '2023-04-18'),EncryptByKey(Key_GUID('DAMGGROUP12SymmetricKey'), '6 weeks')),
(110,110,EncryptByKey(Key_GUID('DAMGGROUP12SymmetricKey'), 'Soft Tissue'),EncryptByKey(Key_GUID('DAMGGROUP12SymmetricKey'), '2023-01-12'),EncryptByKey(Key_GUID('DAMGGROUP12SymmetricKey'), '5 weeks')),
(111,111,EncryptByKey(Key_GUID('DAMGGROUP12SymmetricKey'), 'Joint'),EncryptByKey(Key_GUID('DAMGGROUP12SymmetricKey'), '2022-08-28'),EncryptByKey(Key_GUID('DAMGGROUP12SymmetricKey'), '7 weeks')),
(112,112,EncryptByKey(Key_GUID('DAMGGROUP12SymmetricKey'), 'Musculoskeletal'),EncryptByKey(Key_GUID('DAMGGROUP12SymmetricKey'), '2024-03-05'),EncryptByKey(Key_GUID('DAMGGROUP12SymmetricKey'), '8 weeks')),
(113,113,EncryptByKey(Key_GUID('DAMGGROUP12SymmetricKey'), 'Soft Tissue'),EncryptByKey(Key_GUID('DAMGGROUP12SymmetricKey'), '2023-06-10'),EncryptByKey(Key_GUID('DAMGGROUP12SymmetricKey'), '5 weeks')),
(114,114,EncryptByKey(Key_GUID('DAMGGROUP12SymmetricKey'), 'Impact'),EncryptByKey(Key_GUID('DAMGGROUP12SymmetricKey'), '2022-12-22'),EncryptByKey(Key_GUID('DAMGGROUP12SymmetricKey'), '3 weeks')),
(115,115,EncryptByKey(Key_GUID('DAMGGROUP12SymmetricKey'), 'Soft Tissue'),EncryptByKey(Key_GUID('DAMGGROUP12SymmetricKey'), '2023-09-28'),EncryptByKey(Key_GUID('DAMGGROUP12SymmetricKey'), '5 weeks')),
(116,116,EncryptByKey(Key_GUID('DAMGGROUP12SymmetricKey'), 'Overuse'),EncryptByKey(Key_GUID('DAMGGROUP12SymmetricKey'), '2022-11-15'),EncryptByKey(Key_GUID('DAMGGROUP12SymmetricKey'), '6 weeks')),
(117,117,EncryptByKey(Key_GUID('DAMGGROUP12SymmetricKey'), 'Soft Tissue'),EncryptByKey(Key_GUID('DAMGGROUP12SymmetricKey'), '2023-04-20'),EncryptByKey(Key_GUID('DAMGGROUP12SymmetricKey'), '5 weeks')),
(118,118,EncryptByKey(Key_GUID('DAMGGROUP12SymmetricKey'), 'Joint'),EncryptByKey(Key_GUID('DAMGGROUP12SymmetricKey'), '2023-01-28'),EncryptByKey(Key_GUID('DAMGGROUP12SymmetricKey'), '7 weeks')),
(119,119,EncryptByKey(Key_GUID('DAMGGROUP12SymmetricKey'), 'Musculoskeletal'),EncryptByKey(Key_GUID('DAMGGROUP12SymmetricKey'), '2022-09-05'),EncryptByKey(Key_GUID('DAMGGROUP12SymmetricKey'), '8 weeks')),
(120,120,EncryptByKey(Key_GUID('DAMGGROUP12SymmetricKey'), 'Soft Tissue'),EncryptByKey(Key_GUID('DAMGGROUP12SymmetricKey'), '2023-05-12'),EncryptByKey(Key_GUID('DAMGGROUP12SymmetricKey'), '5 weeks')),
(121,121,EncryptByKey(Key_GUID('DAMGGROUP12SymmetricKey'), 'Impact'),EncryptByKey(Key_GUID('DAMGGROUP12SymmetricKey'), '2022-12-18'),EncryptByKey(Key_GUID('DAMGGROUP12SymmetricKey'), '2 weeks')),
(122,122,EncryptByKey(Key_GUID('DAMGGROUP12SymmetricKey'), 'Soft Tissue'),EncryptByKey(Key_GUID('DAMGGROUP12SymmetricKey'), '2023-08-28'),EncryptByKey(Key_GUID('DAMGGROUP12SymmetricKey'), '5 weeks')),
(123,123,EncryptByKey(Key_GUID('DAMGGROUP12SymmetricKey'), 'Overuse'),EncryptByKey(Key_GUID('DAMGGROUP12SymmetricKey'), '2023-03-10'),EncryptByKey(Key_GUID('DAMGGROUP12SymmetricKey'), '6 weeks')),
(124,124,EncryptByKey(Key_GUID('DAMGGROUP12SymmetricKey'), 'Soft Tissue'),EncryptByKey(Key_GUID('DAMGGROUP12SymmetricKey'), '2022-10-22'),EncryptByKey(Key_GUID('DAMGGROUP12SymmetricKey'), '5 weeks')),
(125,125,EncryptByKey(Key_GUID('DAMGGROUP12SymmetricKey'), 'Spinal'),EncryptByKey(Key_GUID('DAMGGROUP12SymmetricKey'), '2023-06-05'),EncryptByKey(Key_GUID('DAMGGROUP12SymmetricKey'), '9 weeks')),
(126,126,EncryptByKey(Key_GUID('DAMGGROUP12SymmetricKey'), 'Soft Tissue'),EncryptByKey(Key_GUID('DAMGGROUP12SymmetricKey'), '2022-09-18'),EncryptByKey(Key_GUID('DAMGGROUP12SymmetricKey'), '5 weeks')),
(127,127,EncryptByKey(Key_GUID('DAMGGROUP12SymmetricKey'), 'Overuse'),EncryptByKey(Key_GUID('DAMGGROUP12SymmetricKey'), '2023-02-28'),EncryptByKey(Key_GUID('DAMGGROUP12SymmetricKey'), '6 weeks')),
(128,128,EncryptByKey(Key_GUID('DAMGGROUP12SymmetricKey'), 'Soft Tissue'),EncryptByKey(Key_GUID('DAMGGROUP12SymmetricKey'), '2022-12-15'),EncryptByKey(Key_GUID('DAMGGROUP12SymmetricKey'), '5 weeks')),
(129,129,EncryptByKey(Key_GUID('DAMGGROUP12SymmetricKey'), 'Joint'),EncryptByKey(Key_GUID('DAMGGROUP12SymmetricKey'), '2023-07-05'),EncryptByKey(Key_GUID('DAMGGROUP12SymmetricKey'), '7 weeks')),
(130,130,EncryptByKey(Key_GUID('DAMGGROUP12SymmetricKey'), 'Musculoskeletal'),EncryptByKey(Key_GUID('DAMGGROUP12SymmetricKey'), '2023-04-10'),EncryptByKey(Key_GUID('DAMGGROUP12SymmetricKey'), '8 weeks')),
(131,131,EncryptByKey(Key_GUID('DAMGGROUP12SymmetricKey'), 'Soft Tissue'),EncryptByKey(Key_GUID('DAMGGROUP12SymmetricKey'), '2022-10-25'),EncryptByKey(Key_GUID('DAMGGROUP12SymmetricKey'), '5 weeks')),
(132,132,EncryptByKey(Key_GUID('DAMGGROUP12SymmetricKey'), 'Impact'),EncryptByKey(Key_GUID('DAMGGROUP12SymmetricKey'), '2023-02-15'),EncryptByKey(Key_GUID('DAMGGROUP12SymmetricKey'), '3 weeks')),
(133,133,EncryptByKey(Key_GUID('DAMGGROUP12SymmetricKey'), 'Soft Tissue'),EncryptByKey(Key_GUID('DAMGGROUP12SymmetricKey'), '2023-09-12'),EncryptByKey(Key_GUID('DAMGGROUP12SymmetricKey'), '5 weeks')),
(134,134,EncryptByKey(Key_GUID('DAMGGROUP12SymmetricKey'), 'Overuse'),EncryptByKey(Key_GUID('DAMGGROUP12SymmetricKey'), '2022-11-28'),EncryptByKey(Key_GUID('DAMGGROUP12SymmetricKey'), '6 weeks')),
(135,135,EncryptByKey(Key_GUID('DAMGGROUP12SymmetricKey'), 'Soft Tissue'),EncryptByKey(Key_GUID('DAMGGROUP12SymmetricKey'), '2023-06-18'),EncryptByKey(Key_GUID('DAMGGROUP12SymmetricKey'), '5 weeks')),
(136,136,EncryptByKey(Key_GUID('DAMGGROUP12SymmetricKey'), 'Spinal'),EncryptByKey(Key_GUID('DAMGGROUP12SymmetricKey'), '2023-01-05'),EncryptByKey(Key_GUID('DAMGGROUP12SymmetricKey'), '9 weeks')),
(137,137,EncryptByKey(Key_GUID('DAMGGROUP12SymmetricKey'), 'Soft Tissue'),EncryptByKey(Key_GUID('DAMGGROUP12SymmetricKey'), '2022-09-30'),EncryptByKey(Key_GUID('DAMGGROUP12SymmetricKey'), '5 weeks')),
(138,138,EncryptByKey(Key_GUID('DAMGGROUP12SymmetricKey'), 'Impact'),EncryptByKey(Key_GUID('DAMGGROUP12SymmetricKey'), '2023-04-22'),EncryptByKey(Key_GUID('DAMGGROUP12SymmetricKey'), '2 weeks')),
(139,139,EncryptByKey(Key_GUID('DAMGGROUP12SymmetricKey'), 'Soft Tissue'),EncryptByKey(Key_GUID('DAMGGROUP12SymmetricKey'), '2022-12-18'),EncryptByKey(Key_GUID('DAMGGROUP12SymmetricKey'), '5 weeks')),
(140,140,EncryptByKey(Key_GUID('DAMGGROUP12SymmetricKey'), 'Overuse'),EncryptByKey(Key_GUID('DAMGGROUP12SymmetricKey'), '2023-08-10'),EncryptByKey(Key_GUID('DAMGGROUP12SymmetricKey'), '6 weeks'))
CLOSE SYMMETRIC KEY DAMGGROUP12SymmetricKey;

GO






INSERT INTO PlayerLine (PlayerID, TournamentID, Runs, Wickets, Catch)
VALUES 
(169,5,40,2,NULL),
(169,6,126,4,6),
(169,8,74,2,1),
(169,9,48,1,1),
(225,15,173,7,8),
(542,5,0,NULL,1),
(542,6,4,4,1),
(330,1,45,3,2),
(330,2,13,0,NULL),
(411,10,25,3,NULL),
(540,11,4,1,NULL),
(309,2,72,3,3),
(361,1,17,3,3),
(361,2,17,2,3),
(361,3,8,3,3),
(265,15,112,0,4),
(142,1,37,2,NULL),
(142,2,27,3,2),
(142,3,45,3,4),
(142,4,75,3,1),
(142,5,17,0,1),
(142,6,97,5,1),
(142,7,8,2,NULL),
(142,8,9,1,2),
(142,9,4,0,2),
(142,10,55,11,3),
(142,11,1,1,NULL),
(142,12,27,4,1),
(142,13,NULL,NULL,1),
(372,3,5,1,NULL),
(372,4,30,1,7),
(372,6,2,NULL,NULL),
(434,1,0,NULL,3),
(434,6,20,1,NULL),
(345,1,5,1,7),
(345,2,1,0,2),
(345,3,24,0,2),
(345,5,13,1,1),
(345,6,1,1,NULL),
(345,8,4,1,3),
(345,9,1,0,1),
(345,10,NULL,0,1),
(607,1,NULL,1,NULL),
(499,13,7,0,4),
(499,14,NULL,NULL,1),
(499,15,2,2,2),
(553,2,1,0,NULL),
(553,4,1,1,NULL),
(553,5,1,NULL,1),
(86,1,169,8,3),
(86,2,259,6,1),
(86,3,456,17,11),
(86,4,144,6,5),
(538,15,4,1,NULL),
(536,3,4,0,NULL),
(528,9,0,NULL,NULL),
(528,10,5,1,NULL),
(528,13,NULL,NULL,1),
(301,2,76,3,NULL),
(301,3,2,0,1),
(480,4,1,1,1),
(480,5,11,1,2),
(187,3,193,10,4),
(187,4,17,0,4),
(187,5,25,1,2),
(483,1,11,1,NULL),
(209,1,59,2,NULL),
(209,2,70,4,NULL),
(209,3,42,4,1),
(209,4,10,4,NULL),
(209,5,NULL,0,2),
(209,6,12,0,1),
(358,3,44,1,NULL),
(6,1,99,6,5),
(6,2,472,15,13),
(6,3,117,5,6),
(6,4,328,20,7),
(6,5,331,12,4),
(6,6,379,8,8),
(6,7,409,14,7),
(6,8,539,14,8),
(6,9,714,16,19),
(6,10,233,10,6),
(6,11,488,15,6),
(6,12,454,14,6),
(6,13,472,11,10),
(6,14,319,11,15),
(392,1,3,1,1),
(392,2,2,NULL,1),
(392,3,0,NULL,NULL),
(392,4,0,0,NULL),
(392,5,3,1,1),
(392,6,9,1,3),
(392,7,5,1,NULL),
(392,8,NULL,NULL,1),
(392,10,8,1,NULL),
(249,2,3,0,NULL),
(249,3,69,3,NULL),
(249,4,8,0,NULL),
(249,5,50,2,NULL),
(249,6,0,NULL,NULL),
(189,13,115,4,5),
(189,14,113,7,8),
(189,15,4,0,1),
(589,1,0,0,NULL),
(105,11,66,0,1),
(105,12,11,2,1),
(105,13,78,4,1),
(105,14,103,2,2),
(105,15,452,13,1),
(253,4,126,3,4),
(253,5,0,NULL,NULL),
(44,1,460,10,6),
(44,2,520,10,10),
(44,3,310,5,9),
(44,4,436,8,9),
(44,5,184,11,5),
(44,6,305,9,12),
(428,4,1,1,2),
(428,5,19,0,1),
(212,3,190,9,1),
(235,11,152,2,2),
(297,1,9,0,NULL),
(297,2,40,1,1),
(297,3,13,1,NULL),
(297,5,14,1,1),
(297,6,5,1,NULL),
(101,2,17,0,1),
(101,3,255,8,3),
(101,5,134,7,3),
(101,6,174,12,5),
(101,8,152,7,5),
(101,10,33,0,2),
(286,9,20,1,NULL),
(286,10,0,NULL,NULL),
(286,11,9,0,1),
(286,12,62,2,1),
(46,5,49,2,NULL),
(46,6,12,2,1),
(46,7,2,1,NULL),
(46,8,342,6,5),
(46,9,210,4,1),
(46,11,326,5,8),
(46,12,544,10,4),
(46,13,123,4,1),
(46,14,197,5,2),
(46,15,349,14,1),
(410,9,NULL,NULL,1),
(410,10,7,3,4),
(410,14,18,3,2),
(492,3,NULL,NULL,1),
(492,4,2,0,1),
(492,5,3,0,NULL),
(492,6,5,NULL,1),
(336,3,0,0,NULL),
(336,4,56,1,1),
(43,3,21,2,NULL),
(43,4,53,0,4),
(43,5,58,2,NULL),
(43,6,479,9,2),
(43,7,331,12,6),
(43,8,25,2,NULL),
(43,9,419,24,3),
(43,10,319,5,6),
(43,11,140,6,4),
(43,13,299,8,3),
(43,15,96,2,1),
(534,12,4,0,NULL),
(274,10,56,2,NULL),
(274,11,40,2,5),
(274,12,1,0,1),
(274,13,7,0,NULL),
(274,15,NULL,NULL,1),
(126,14,152,9,3),
(126,15,385,14,6),
(595,15,0,NULL,1),
(139,4,187,11,2),
(139,5,228,7,2),
(139,6,1,1,NULL),
(104,1,217,9,4),
(104,2,205,5,4),
(104,3,63,1,1),
(104,4,69,6,2),
(104,5,51,7,NULL),
(104,6,70,5,1),
(104,7,47,2,1),
(13,1,6,0,1),
(13,2,160,6,1),
(13,4,121,5,2),
(13,5,587,18,11),
(13,6,511,24,10),
(13,7,356,13,6),
(13,8,565,19,3),
(13,9,497,14,7),
(13,10,388,8,6),
(13,11,383,14,4),
(13,12,404,10,5),
(13,13,126,5,4),
(13,14,10,1,NULL),
(13,15,140,7,3),
(531,15,5,0,NULL),
(370,3,6,1,NULL),
(370,4,18,0,1),
(370,6,NULL,NULL,1),
(370,7,4,NULL,NULL),
(370,8,10,2,NULL),
(513,2,7,0,1),
(318,3,66,5,3),
(288,5,18,2,NULL),
(288,6,NULL,NULL,1),
(288,7,35,0,NULL),
(288,8,7,2,2),
(288,9,3,2,1),
(288,10,26,0,NULL),
(496,10,9,0,1),
(397,12,NULL,NULL,1),
(397,14,16,1,NULL),
(397,15,13,0,NULL),
(237,14,0,0,4),
(237,15,143,7,6),
(365,8,21,3,4),
(365,10,15,2,NULL),
(365,11,4,1,1),
(379,3,35,0,2),
(287,5,90,4,NULL),
(146,3,56,1,1),
(146,6,123,4,NULL),
(146,7,138,5,NULL),
(146,8,15,0,1),
(146,9,12,0,1),
(146,10,21,0,NULL),
(479,10,12,1,NULL),
(77,6,NULL,NULL,1),
(77,7,63,5,7),
(77,8,219,11,6),
(77,9,115,6,2),
(77,10,237,12,5),
(77,11,86,8,2),
(77,12,114,8,8),
(77,13,128,5,8),
(77,14,46,0,4),
(77,15,187,9,8),
(398,13,0,NULL,1),
(398,14,6,1,1),
(398,15,22,1,4),
(430,12,15,1,NULL),
(430,15,5,2,1),
(406,6,2,1,NULL),
(406,10,4,0,1),
(406,11,12,2,2),
(406,13,9,1,NULL),
(203,2,83,4,3),
(203,3,56,3,3),
(203,4,65,2,4),
(591,13,NULL,NULL,3),
(591,14,NULL,NULL,1),
(591,15,0,NULL,1),
(342,1,52,3,1),
(383,13,34,1,2),
(12,3,384,11,6),
(12,4,410,9,7),
(12,5,347,12,2),
(12,6,277,16,8),
(12,7,377,15,6),
(12,8,286,10,9),
(12,9,343,11,4),
(12,10,94,2,3),
(12,11,615,17,2),
(12,12,295,13,6),
(12,13,370,7,3),
(12,14,270,7,2),
(12,15,287,9,4),
(362,4,35,0,2),
(362,5,7,1,NULL),
(391,11,NULL,NULL,2),
(391,12,4,2,1),
(391,14,5,1,1),
(391,15,22,0,2),
(140,5,192,5,6),
(140,6,210,5,1),
(140,8,7,0,NULL),
(298,1,49,6,3),
(298,2,18,1,NULL),
(298,4,13,0,NULL),
(168,1,22,0,2),
(168,4,211,13,1),
(168,5,37,5,1),
(168,6,22,2,NULL),
(422,15,22,1,1),
(179,4,1,1,2),
(179,5,42,3,NULL),
(179,6,53,5,2),
(179,7,2,0,NULL),
(179,8,17,1,4),
(179,9,45,3,5),
(179,10,4,2,3),
(179,11,15,4,2),
(179,12,17,3,4),
(179,13,0,0,NULL),
(179,14,37,6,NULL),
(179,15,27,4,2),
(526,6,4,1,NULL),
(526,11,1,0,1),
(244,1,20,3,1),
(244,2,31,2,1),
(244,3,13,1,2),
(244,4,5,1,2),
(244,5,43,2,1),
(244,6,21,0,1),
(233,15,153,9,1),
(532,10,NULL,NULL,1),
(532,11,5,0,NULL),
(376,3,36,4,4),
(522,4,0,1,NULL),
(522,5,6,NULL,NULL),
(92,10,324,7,5),
(92,11,203,8,6),
(92,12,128,6,3),
(92,13,296,6,6),
(92,14,0,NULL,1),
(377,10,32,2,2),
(377,11,3,0,1),
(377,12,1,NULL,NULL),
(377,15,NULL,NULL,1),
(555,2,0,0,1),
(555,3,1,0,NULL),
(555,6,2,1,NULL),
(21,1,200,4,1),
(21,2,309,9,6),
(21,3,136,6,2),
(21,4,398,7,2),
(21,5,304,7,9),
(21,6,6,0,1),
(21,7,424,10,6),
(21,8,473,10,2),
(21,9,381,14,NULL),
(21,10,334,14,8),
(21,11,138,3,1),
(245,5,2,0,NULL),
(245,6,130,7,3),
(475,9,5,2,2),
(475,11,4,2,2),
(475,12,3,1,NULL),
(183,7,9,2,1),
(183,9,74,2,1),
(183,10,52,2,1),
(183,11,98,5,7),
(183,12,18,1,NULL),
(584,7,0,0,1),
(584,8,1,0,2),
(213,3,9,1,2),
(213,4,23,4,1),
(213,5,72,7,1),
(213,8,1,NULL,NULL),
(213,9,52,2,2),
(213,10,33,2,1),
(451,4,18,0,NULL),
(64,1,13,2,1),
(64,2,377,14,2),
(64,3,105,6,3),
(64,4,308,6,1),
(64,5,254,8,7),
(64,6,317,14,6),
(64,7,103,4,2),
(202,6,205,4,3),
(415,6,23,3,2),
(353,7,44,2,4),
(161,10,130,5,2),
(161,11,140,9,3),
(161,12,47,5,1),
(424,3,22,0,NULL),
(217,9,35,2,2),
(217,11,63,2,2),
(217,12,87,3,NULL),
(585,2,0,NULL,NULL),
(449,14,18,5,4),
(449,15,NULL,NULL,2),
(192,4,27,1,NULL),
(192,12,187,5,1),
(68,5,7,0,1),
(68,7,61,1,2),
(68,9,26,1,1),
(68,10,316,10,2),
(68,11,502,27,3),
(68,12,422,14,1),
(68,14,50,1,2),
(136,3,135,2,2),
(136,4,36,0,1),
(136,5,18,0,2),
(136,6,95,2,1),
(136,7,137,7,NULL),
(7,2,201,8,5),
(7,3,324,6,2),
(7,4,638,8,2),
(7,5,762,17,2),
(7,6,778,21,4),
(7,7,210,7,2),
(7,8,538,11,1),
(7,9,246,2,4),
(7,10,217,7,2),
(7,11,386,8,2),
(7,12,523,12,NULL),
(7,13,313,5,1),
(7,14,200,3,3),
(110,6,15,1,5),
(110,8,79,7,3),
(110,9,204,6,8),
(110,10,158,4,4),
(110,11,47,4,2),
(110,12,34,2,3),
(110,13,34,3,7),
(110,14,71,5,4),
(117,7,273,10,5),
(117,8,117,2,1),
(117,10,152,7,5),
(117,11,17,1,NULL),
(280,4,50,3,1),
(280,5,51,2,1),
(299,9,4,1,3),
(299,10,0,0,1),
(299,13,32,1,5),
(299,14,32,2,NULL),
(299,15,12,1,4),
(506,5,8,0,NULL),
(442,1,19,1,4),
(508,3,0,NULL,NULL),
(508,4,8,1,NULL),
(88,1,119,8,3),
(88,3,48,1,4),
(88,4,105,3,2),
(88,5,492,15,3),
(88,6,236,6,10),
(205,6,47,2,NULL),
(205,7,148,8,3),
(205,8,4,0,NULL),
(206,9,92,2,3),
(206,10,13,0,1),
(206,11,81,1,2),
(206,12,12,1,NULL),
(302,10,46,2,5),
(302,11,17,2,1),
(302,14,15,2,NULL),
(543,1,2,2,1),
(543,3,2,0,1),
(401,13,13,1,2),
(401,14,2,1,1),
(401,15,12,3,2),
(229,15,168,3,3),
(491,2,10,2,NULL),
(541,1,4,0,1),
(70,13,502,15,8),
(70,14,443,12,7),
(70,15,396,7,5),
(354,15,44,1,2),
(387,1,33,3,2),
(242,8,131,7,4),
(242,9,5,0,1),
(34,5,103,2,2),
(34,6,435,18,8),
(34,7,473,12,14),
(34,8,377,19,7),
(34,9,170,13,10),
(34,10,89,3,3),
(34,11,79,3,2),
(34,12,232,6,7),
(34,13,NULL,1,1),
(34,14,127,8,4),
(34,15,500,11,6),
(3,2,171,5,5),
(3,3,289,9,8),
(3,4,344,14,4),
(3,5,282,4,1),
(3,6,428,19,6),
(3,7,556,9,8),
(3,8,589,16,8),
(3,9,884,19,4),
(3,10,670,17,10),
(3,12,727,14,2),
(3,13,582,14,12),
(3,14,208,6,2),
(3,15,461,16,6),
(476,5,12,1,1),
(159,1,108,5,NULL),
(159,5,133,10,5),
(159,6,80,5,2),
(143,1,116,4,2),
(143,2,74,6,4),
(143,4,191,8,5),
(143,5,4,1,NULL),
(143,6,16,1,NULL),
(413,3,21,1,2),
(413,4,0,0,2),
(413,5,3,0,2),
(215,4,20,1,3),
(215,5,26,0,2),
(215,6,136,3,6),
(215,7,5,2,1),
(57,1,190,5,3),
(57,2,231,5,6),
(57,3,62,2,4),
(57,4,11,0,2),
(57,5,387,14,9),
(57,6,131,2,12),
(57,7,8,1,NULL),
(57,8,207,6,12),
(57,9,108,4,4),
(57,11,146,4,7),
(57,12,90,2,5),
(57,13,7,0,NULL),
(57,14,51,1,2),
(57,15,29,1,3),
(262,5,119,3,5),
(71,8,156,7,1),
(71,9,151,7,3),
(71,10,79,1,5),
(71,11,93,7,5),
(71,12,69,5,10),
(71,13,105,6,3),
(71,14,166,8,7),
(71,15,471,13,8),
(67,1,337,12,5),
(67,2,103,4,1),
(67,3,102,3,4),
(67,4,70,1,6),
(67,5,416,20,4),
(67,6,238,10,4),
(67,7,118,2,1),
(279,4,101,0,2),
(279,5,1,0,1),
(400,14,27,0,1),
(381,15,35,1,2),
(581,8,1,0,NULL),
(340,1,53,3,2),
(408,11,NULL,NULL,2),
(408,15,25,1,1),
(160,6,185,8,3),
(160,7,119,5,5),
(160,8,13,0,1),
(255,11,123,6,2),
(293,9,NULL,NULL,1),
(293,10,14,1,NULL),
(293,11,51,0,1),
(293,12,8,1,2),
(293,13,11,1,1),
(293,14,1,0,5),
(238,2,37,1,4),
(238,3,39,1,NULL),
(238,4,31,4,4),
(238,5,34,2,3),
(519,10,6,1,NULL),
(467,1,13,2,NULL),
(178,15,262,8,2),
(547,2,NULL,NULL,4),
(547,3,4,0,NULL),
(547,4,NULL,NULL,1),
(547,6,NULL,0,3),
(577,1,1,2,NULL),
(52,1,189,7,3),
(52,2,230,8,8),
(52,3,468,15,6),
(52,4,329,18,6),
(52,5,355,14,6),
(52,6,358,18,4),
(425,3,21,2,NULL),
(348,13,0,NULL,3),
(348,14,6,1,NULL),
(348,15,42,4,7),
(452,11,8,1,1),
(452,12,8,0,5),
(38,1,48,4,2),
(38,2,224,6,6),
(38,3,23,0,NULL),
(38,5,166,6,1),
(38,6,445,14,8),
(38,7,599,12,5),
(38,8,431,15,9),
(38,9,335,7,7),
(38,10,244,3,3),
(267,1,3,1,2),
(267,2,11,1,1),
(267,4,2,1,1),
(267,5,10,1,1),
(267,7,37,3,2),
(267,8,5,0,3),
(267,9,28,2,2),
(267,10,1,1,NULL),
(267,11,6,3,1),
(267,12,5,0,5),
(267,13,3,0,NULL),
(267,14,NULL,0,NULL),
(437,1,20,0,NULL),
(129,4,196,12,7),
(129,5,152,8,5),
(129,6,7,0,1),
(129,10,84,3,6),
(129,11,28,1,NULL),
(129,14,15,5,9),
(466,1,13,1,2),
(221,1,2,0,4),
(221,2,0,0,2),
(221,3,17,0,1),
(221,4,42,3,1),
(221,5,19,1,2),
(221,6,55,1,3),
(221,7,22,2,7),
(221,8,20,0,2),
(221,9,1,1,NULL),
(221,12,NULL,0,NULL),
(221,13,1,2,NULL),
(107,11,414,9,3),
(107,12,50,1,3),
(107,14,154,2,NULL),
(107,15,81,5,3),
(63,3,36,1,4),
(63,4,149,6,3),
(63,6,339,10,6),
(63,8,191,8,5),
(63,9,126,7,3),
(63,10,66,1,3),
(63,13,443,18,3),
(63,14,146,10,9),
(394,9,29,0,2),
(463,9,14,1,1),
(19,4,NULL,NULL,1),
(19,5,407,11,4),
(19,7,310,10,13),
(19,8,395,19,8),
(19,9,223,7,4),
(19,10,8,2,NULL),
(19,11,167,9,1),
(19,12,412,13,12),
(19,13,465,18,12),
(19,14,657,26,12),
(19,15,493,13,4),
(459,14,7,0,2),
(459,15,8,0,NULL),
(565,15,2,1,NULL),
(545,2,4,0,NULL),
(200,3,187,6,7),
(200,4,20,2,NULL),
(11,1,566,16,2),
(11,2,300,11,2),
(11,3,299,9,3),
(11,4,412,11,1),
(11,5,617,20,4),
(11,6,438,20,2),
(11,7,359,8,3),
(11,8,346,12,3),
(11,9,520,19,1),
(11,10,531,16,6),
(11,11,91,9,1),
(421,5,15,2,1),
(421,8,7,1,NULL),
(421,9,NULL,1,3),
(99,1,485,12,2),
(99,2,225,11,2),
(99,3,45,4,2),
(99,4,45,1,1),
(521,12,6,0,NULL),
(546,1,4,2,2),
(404,14,27,1,1),
(165,6,258,20,4),
(165,8,41,1,2),
(165,12,4,2,NULL),
(562,14,2,0,1),
(108,2,51,0,NULL),
(108,3,22,0,1),
(108,7,262,11,8),
(108,8,267,13,1),
(108,9,90,4,2),
(40,5,8,0,NULL),
(40,6,36,1,1),
(40,7,585,9,9),
(40,8,154,5,2),
(40,9,188,3,3),
(40,10,335,4,7),
(40,11,174,7,4),
(40,13,117,8,4),
(40,14,538,19,5),
(40,15,316,9,5),
(460,2,15,0,NULL),
(124,5,93,2,2),
(124,6,117,7,4),
(124,8,38,0,1),
(124,9,114,6,5),
(124,10,NULL,NULL,1),
(124,12,104,2,1),
(124,13,75,5,6),
(566,1,2,0,NULL),
(316,11,58,3,3),
(316,12,10,3,1),
(94,1,30,1,1),
(94,2,91,7,2),
(94,3,115,3,4),
(94,4,111,4,NULL),
(94,5,112,7,6),
(94,6,119,8,7),
(94,7,30,5,3),
(94,8,130,4,2),
(94,9,99,9,3),
(94,10,19,3,2),
(94,11,34,1,4),
(94,12,1,0,3),
(94,14,4,1,1),
(448,2,NULL,NULL,3),
(448,3,0,4,NULL),
(448,5,15,0,NULL),
(448,6,3,1,NULL),
(263,12,22,1,NULL),
(263,14,73,3,2),
(263,15,22,1,3),
(435,4,14,1,2),
(435,5,6,1,NULL),
(564,15,2,NULL,NULL),
(409,15,25,3,NULL),
(572,12,1,0,NULL),
(90,1,181,1,5),
(90,2,402,24,11),
(90,3,286,12,6),
(90,5,86,2,NULL),
(48,8,122,1,7),
(48,9,55,7,6),
(48,10,268,5,12),
(48,11,279,16,6),
(48,12,433,13,9),
(48,13,298,6,6),
(48,14,132,3,4),
(48,15,512,17,2),
(113,9,164,5,NULL),
(113,10,436,16,NULL),
(357,15,44,1,2),
(185,5,17,2,7),
(185,7,13,0,NULL),
(185,8,22,3,1),
(185,9,NULL,1,2),
(185,11,60,1,NULL),
(185,12,1,1,NULL),
(185,13,22,2,1),
(185,14,62,3,3),
(185,15,46,6,2),
(512,4,7,0,NULL),
(332,1,12,3,2),
(332,2,17,3,1),
(332,3,6,0,1),
(332,4,4,1,3),
(332,6,NULL,0,6),
(332,9,NULL,0,2),
(332,10,9,2,NULL),
(332,12,10,0,1),
(458,13,15,1,3),
(592,6,0,NULL,NULL),
(592,7,NULL,NULL,4),
(592,8,NULL,NULL,2),
(75,1,146,5,4),
(75,2,222,5,2),
(75,3,289,9,4),
(75,4,169,15,4),
(75,5,189,8,8),
(75,6,159,13,3),
(75,7,61,7,2),
(75,9,13,3,1),
(75,10,2,0,NULL),
(385,7,8,0,NULL),
(385,8,5,2,3),
(385,9,5,0,NULL),
(385,10,0,1,NULL),
(385,11,2,1,2),
(385,12,NULL,1,3),
(385,13,14,1,NULL),
(281,1,1,0,NULL),
(281,3,1,0,NULL),
(281,4,15,1,2),
(281,5,2,2,5),
(281,6,9,3,NULL),
(281,7,NULL,NULL,1),
(281,8,24,2,1),
(281,9,40,0,3),
(281,10,5,2,NULL),
(294,4,32,3,1),
(294,5,16,0,1),
(294,10,36,2,NULL),
(493,11,1,0,NULL),
(493,12,9,0,NULL),
(51,9,44,2,1),
(51,10,289,9,4),
(51,11,283,5,9),
(51,12,109,5,2),
(51,13,529,17,1),
(51,14,248,14,3),
(51,15,438,24,13),
(412,1,25,1,NULL),
(135,2,53,4,NULL),
(135,4,236,10,6),
(135,5,60,2,2),
(135,6,43,1,4),
(135,8,32,1,4),
(306,8,51,6,7),
(306,10,NULL,NULL,2),
(306,12,6,1,NULL),
(306,13,NULL,NULL,1),
(306,14,16,0,4),
(306,15,3,0,3),
(393,4,16,0,1),
(393,5,4,0,NULL),
(393,6,10,1,NULL),
(485,3,3,0,1),
(485,5,7,1,NULL),
(485,8,1,0,NULL),
(363,8,NULL,NULL,2),
(363,9,8,2,1),
(363,12,NULL,NULL,1),
(363,14,34,1,1),
(87,1,251,8,3),
(87,2,102,7,1),
(87,3,210,12,3),
(87,4,148,4,3),
(87,5,114,7,2),
(87,6,46,1,1),
(87,7,47,2,2),
(87,8,91,8,1),
(87,9,17,1,1),
(453,14,16,0,1),
(501,2,NULL,0,NULL),
(501,3,8,2,NULL),
(201,11,17,1,1),
(201,12,68,4,3),
(201,13,120,4,3),
(24,9,264,4,7),
(24,10,290,11,1),
(24,11,574,25,9),
(24,12,329,8,8),
(24,13,339,11,6),
(24,14,270,5,3),
(24,15,894,29,9),
(111,2,57,2,2),
(111,4,305,6,4),
(111,5,268,9,4),
(224,3,NULL,NULL,1),
(224,4,NULL,NULL,2),
(224,6,2,0,1),
(224,7,1,1,NULL),
(224,10,3,1,5),
(224,11,49,3,6),
(224,12,1,0,2),
(224,13,10,0,1),
(224,14,45,1,NULL),
(224,15,63,3,1),
(269,1,19,2,2),
(269,2,91,8,5),
(269,4,0,0,NULL),
(284,7,45,2,NULL),
(284,13,19,1,1),
(284,14,0,0,NULL),
(284,15,31,3,1),
(537,4,4,1,NULL),
(153,4,111,8,2),
(153,5,231,11,4),
(35,1,217,8,3),
(35,2,385,11,5),
(35,3,612,26,6),
(35,4,446,10,9),
(35,5,429,12,2),
(35,6,324,12,3),
(35,7,154,9,2),
(327,7,2,0,NULL),
(327,8,NULL,0,NULL),
(327,9,8,0,1),
(327,10,16,1,1),
(327,11,11,3,4),
(327,12,1,0,2),
(327,13,5,0,NULL),
(327,14,16,2,2),
(327,15,1,4,1),
(148,10,60,1,1),
(148,11,127,6,4),
(148,14,171,5,3),
(443,4,19,2,NULL),
(586,12,0,NULL,NULL),
(461,13,15,2,2),
(69,12,464,6,9),
(69,13,368,12,7),
(69,14,254,2,2),
(69,15,263,12,2),
(402,3,27,1,1),
(186,15,241,9,9),
(180,6,NULL,NULL,3),
(180,7,16,0,2),
(180,9,25,2,NULL),
(180,13,68,2,NULL),
(180,14,90,5,2),
(180,15,60,3,4)

GO




INSERT INTO PlayerLine (PlayerID, TournamentID, Runs, Wickets, Catch)
VALUES 
(378,1,16,0,4),
(378,2,20,1,NULL),
(378,3,NULL,NULL,1),
(378,4,0,0,NULL),
(47,2,392,21,4),
(47,3,163,8,4),
(47,4,210,9,1),
(47,5,257,18,6),
(47,7,428,14,2),
(47,8,436,20,7),
(47,9,197,7,3),
(47,11,48,3,3),
(119,5,15,2,1),
(119,6,57,0,3),
(119,7,189,4,2),
(119,8,155,6,4),
(119,9,80,4,3),
(119,10,58,2,3),
(510,11,8,0,4),
(445,14,NULL,NULL,1),
(445,15,19,3,NULL),
(133,1,229,6,2),
(133,4,204,11,3),
(291,13,86,4,NULL),
(188,1,79,3,2),
(188,2,136,4,5),
(188,3,19,2,2),
(211,11,129,2,9),
(211,12,19,3,NULL),
(211,13,43,2,NULL),
(211,14,NULL,NULL,1),
(211,15,1,NULL,4),
(539,15,4,0,NULL),
(204,10,60,3,NULL),
(204,12,15,2,5),
(204,13,59,6,8),
(204,14,13,1,6),
(204,15,54,9,2),
(474,5,11,0,NULL),
(474,6,1,1,1),
(588,14,0,1,NULL),
(315,14,69,7,2),
(18,3,284,2,4),
(18,4,164,9,9),
(18,5,232,4,5),
(18,6,439,16,11),
(18,7,283,17,7),
(18,8,438,13,8),
(18,9,233,8,5),
(18,10,421,12,15),
(18,11,138,7,4),
(18,12,292,12,8),
(18,13,290,10,8),
(18,14,274,16,6),
(18,15,162,12,7),
(490,3,10,1,1),
(246,1,132,8,5),
(558,2,3,0,4),
(558,3,NULL,0,NULL),
(482,7,1,0,1),
(482,8,11,1,1),
(465,13,4,3,2),
(465,14,3,2,1),
(465,15,7,0,NULL),
(321,3,4,1,NULL),
(321,4,11,0,3),
(321,6,49,1,9),
(414,9,13,2,2),
(414,10,2,0,NULL),
(414,12,9,NULL,NULL),
(54,1,335,7,4),
(54,2,359,20,6),
(54,3,362,6,6),
(54,4,375,10,17),
(54,5,224,3,9),
(54,6,125,3,3),
(10,1,152,3,6),
(10,2,303,13,12),
(10,3,299,17,6),
(10,4,293,14,7),
(10,5,248,10,5),
(10,6,536,21,12),
(10,7,332,14,7),
(10,8,149,5,14),
(10,9,344,11,11),
(10,10,380,17,8),
(10,11,520,23,14),
(10,12,265,10,7),
(10,13,178,9,9),
(10,14,227,14,5),
(10,15,346,14,10),
(66,9,241,9,2),
(66,10,260,12,1),
(66,11,241,4,6),
(66,12,194,5,4),
(66,13,114,0,4),
(66,14,151,7,6),
(66,15,192,6,7),
(470,9,13,0,NULL),
(583,12,0,NULL,NULL),
(583,13,0,NULL,1),
(583,14,1,0,NULL),
(583,15,0,NULL,NULL),
(257,5,39,0,2),
(257,6,39,2,7),
(257,7,44,0,2),
(61,6,9,0,NULL),
(61,7,338,17,4),
(61,8,188,5,3),
(61,9,373,11,3),
(61,10,297,21,2),
(61,11,307,12,9),
(61,12,5,0,3),
(61,13,16,0,1),
(61,15,17,0,1),
(417,13,23,2,4),
(417,14,0,0,3),
(417,15,NULL,NULL,2),
(14,6,20,0,2),
(14,7,172,9,4),
(14,8,156,4,1),
(14,9,415,6,5),
(14,11,678,24,10),
(14,12,610,21,7),
(14,13,696,24,10),
(14,14,647,23,11),
(14,15,653,26,9),
(73,3,80,0,NULL),
(73,4,18,2,2),
(73,6,157,8,4),
(73,7,159,5,3),
(73,8,195,6,6),
(73,9,46,3,1),
(73,10,281,10,7),
(73,11,27,3,NULL),
(73,12,171,6,4),
(73,13,66,1,1),
(73,14,58,4,2),
(420,12,22,3,5),
(420,13,NULL,NULL,1),
(516,5,6,1,3),
(549,2,1,0,NULL),
(549,3,2,0,1),
(549,5,NULL,NULL,2),
(84,2,101,5,3),
(84,3,244,8,3),
(84,5,309,8,3),
(84,7,310,16,2),
(84,9,75,0,1),
(600,15,0,NULL,2),
(198,14,201,6,4),
(198,15,8,0,NULL),
(544,15,4,0,NULL),
(45,8,38,2,2),
(45,9,134,9,5),
(45,10,265,5,1),
(45,11,747,21,6),
(45,12,161,7,2),
(45,13,328,15,6),
(45,14,290,13,7),
(45,15,227,11,10),
(266,10,20,1,1),
(266,11,14,2,3),
(266,12,12,2,2),
(266,13,13,3,NULL),
(266,15,52,3,4),
(152,2,1,0,NULL),
(152,6,91,5,3),
(152,7,47,3,NULL),
(152,8,109,8,4),
(152,9,45,3,NULL),
(152,10,50,1,2),
(152,11,NULL,0,3),
(374,6,34,1,NULL),
(374,7,1,1,3),
(374,9,1,NULL,1),
(374,14,NULL,NULL,1),
(599,4,0,0,NULL),
(364,1,2,NULL,1),
(364,2,7,2,3),
(364,3,18,0,1),
(364,4,4,NULL,1),
(364,5,NULL,NULL,1),
(364,6,9,0,2),
(364,7,1,0,NULL),
(373,1,36,3,3),
(373,2,1,NULL,1),
(290,2,87,6,4),
(157,1,167,6,1),
(157,2,45,4,1),
(157,4,54,1,5),
(157,5,NULL,NULL,1),
(157,6,64,6,NULL),
(184,13,NULL,NULL,3),
(184,14,75,5,5),
(184,15,176,8,6),
(579,11,1,1,2),
(311,10,1,1,NULL),
(311,13,44,2,NULL),
(311,14,21,2,3),
(311,15,5,0,2),
(268,6,110,2,2),
(80,7,409,8,2),
(80,8,564,19,6),
(80,9,8,1,NULL),
(80,10,146,4,2),
(360,1,43,2,3),
(134,1,175,9,2),
(134,2,87,3,2),
(134,3,42,2,1),
(134,4,14,1,NULL),
(134,5,75,1,7),
(134,6,4,1,2),
(134,7,35,1,1),
(82,1,156,5,NULL),
(82,2,297,12,3),
(82,3,93,8,4),
(82,4,203,6,4),
(82,5,208,4,3),
(82,6,65,6,2),
(82,7,62,0,2),
(115,12,72,2,4),
(115,14,46,4,3),
(115,15,465,18,5),
(382,9,0,NULL,NULL),
(382,11,1,NULL,NULL),
(382,12,3,2,3),
(382,13,4,0,4),
(382,14,15,1,NULL),
(382,15,12,4,NULL),
(575,7,1,0,NULL),
(489,14,1,1,1),
(489,15,9,0,3),
(172,1,194,7,8),
(172,3,29,0,3),
(172,4,43,1,5),
(172,5,14,2,NULL),
(260,1,34,0,4),
(260,2,21,4,1),
(260,3,22,2,4),
(260,4,14,1,1),
(260,5,26,3,3),
(260,6,2,1,4),
(260,7,NULL,NULL,1),
(305,4,77,4,NULL),
(123,1,NULL,NULL,1),
(123,2,80,3,2),
(123,3,162,7,5),
(123,4,120,2,3),
(123,5,127,8,4),
(123,6,13,4,2),
(123,7,42,2,3),
(388,11,25,1,3),
(388,12,6,0,NULL),
(388,15,NULL,NULL,2),
(251,2,9,0,1),
(251,3,9,3,1),
(251,4,41,2,1),
(251,5,3,2,1),
(251,6,58,2,NULL),
(251,7,5,1,6),
(251,8,4,0,1),
(251,9,1,0,NULL),
(419,1,0,NULL,4),
(419,2,8,1,4),
(419,3,1,NULL,3),
(419,4,7,2,1),
(419,5,6,0,1),
(419,6,NULL,NULL,1),
(471,1,12,0,1),
(500,11,1,1,1),
(500,12,0,0,2),
(500,13,2,0,1),
(500,14,0,2,3),
(500,15,6,3,2),
(329,1,36,3,9),
(329,2,18,6,6),
(329,6,5,1,1),
(171,14,158,11,4),
(171,15,128,7,3),
(484,15,11,0,NULL),
(29,2,67,1,2),
(29,3,481,14,12),
(29,4,447,10,5),
(29,5,348,7,6),
(29,6,325,15,8),
(29,7,226,11,8),
(29,8,266,18,4),
(29,9,476,19,2),
(29,11,14,1,NULL),
(29,12,65,6,1),
(29,13,34,3,NULL),
(78,6,161,9,3),
(78,7,341,11,3),
(78,8,88,7,2),
(78,9,168,5,3),
(78,10,250,10,2),
(78,11,59,2,NULL),
(78,14,44,2,NULL),
(78,15,25,0,NULL),
(39,4,160,8,3),
(39,5,234,2,9),
(39,6,69,1,3),
(39,7,118,3,1),
(39,8,226,8,3),
(39,9,28,2,NULL),
(39,10,29,1,2),
(39,11,120,3,2),
(39,12,342,7,7),
(39,13,457,9,6),
(39,14,461,13,5),
(39,15,220,1,10),
(403,1,27,2,NULL),
(271,7,96,5,9),
(271,8,11,2,7),
(554,11,3,0,1),
(56,3,4,0,NULL),
(56,4,48,2,1),
(56,5,449,15,5),
(56,6,274,13,6),
(56,7,29,0,1),
(56,8,163,5,7),
(56,9,NULL,NULL,1),
(56,10,193,10,6),
(56,11,267,8,4),
(56,12,167,12,4),
(56,13,133,3,1),
(56,14,16,0,1),
(56,15,20,1,1),
(561,2,2,1,NULL),
(85,2,38,2,3),
(85,3,11,0,1),
(85,6,171,8,5),
(85,7,11,1,1),
(85,8,296,13,1),
(85,9,189,8,11),
(85,10,283,4,5),
(85,12,NULL,NULL,1),
(85,14,35,1,1),
(241,6,138,8,NULL),
(182,3,182,10,1),
(182,4,68,3,NULL),
(182,5,4,NULL,NULL),
(455,6,15,0,NULL),
(49,1,170,6,2),
(49,3,39,2,NULL),
(49,4,519,18,6),
(49,5,273,9,4),
(49,6,761,24,10),
(49,7,221,5,3),
(49,8,81,4,1),
(220,1,127,1,3),
(220,2,21,1,NULL),
(220,3,33,3,1),
(218,6,44,1,7),
(218,7,60,6,4),
(218,8,35,3,NULL),
(218,9,6,2,1),
(218,10,21,1,1),
(218,11,17,2,2),
(254,1,124,4,1),
(276,5,104,5,1),
(174,9,61,2,NULL),
(174,10,133,2,6),
(174,12,82,4,1),
(166,3,297,5,4),
(166,4,0,NULL,1),
(285,8,13,0,NULL),
(285,9,34,0,NULL),
(285,10,17,4,1),
(285,11,16,1,NULL),
(285,12,12,3,NULL),
(322,12,35,3,1),
(322,13,NULL,NULL,1),
(322,14,NULL,NULL,1),
(322,15,29,1,1),
(173,11,20,3,NULL),
(173,12,8,1,1),
(173,13,61,2,NULL),
(173,14,98,4,1),
(173,15,91,3,2),
(16,1,4,1,NULL),
(16,2,172,7,4),
(16,3,264,6,6),
(16,4,260,16,5),
(16,5,153,5,3),
(16,6,140,9,6),
(16,7,437,11,3),
(16,8,229,11,5),
(16,9,264,8,7),
(16,10,410,19,8),
(16,11,299,15,9),
(16,12,351,12,7),
(16,13,444,8,7),
(16,14,305,15,5),
(16,15,92,1,3),
(55,1,108,9,3),
(55,2,9,0,NULL),
(55,3,252,7,4),
(55,4,377,16,6),
(55,5,272,17,10),
(55,6,152,10,10),
(55,7,159,8,1),
(55,8,61,1,2),
(55,10,338,15,6),
(55,11,49,2,5),
(76,1,211,6,NULL),
(76,2,626,20,5),
(76,3,368,10,6),
(91,11,77,2,2),
(91,12,234,5,1),
(91,13,13,0,1),
(91,14,378,7,6),
(91,15,251,10,5),
(366,1,0,2,2),
(366,2,33,1,1),
(366,3,5,2,1),
(366,4,0,NULL,3),
(366,5,2,2,5),
(366,6,NULL,1,NULL),
(366,10,0,NULL,NULL),
(252,6,0,0,2),
(252,7,1,0,3),
(252,8,28,5,5),
(252,9,34,3,2),
(252,10,52,4,2),
(252,11,12,4,2),
(252,12,0,0,NULL),
(223,5,136,6,NULL),
(223,6,8,0,1),
(223,10,30,2,1),
(222,2,175,5,7),
(523,2,5,0,2),
(552,1,3,1,NULL),
(314,1,69,2,1),
(208,10,2,0,NULL),
(208,11,18,0,NULL),
(208,12,126,7,6),
(208,13,12,0,NULL),
(208,14,37,0,5),
(308,6,5,1,NULL),
(308,7,4,0,NULL),
(308,9,3,1,1),
(308,10,37,2,NULL),
(308,11,7,1,2),
(308,12,1,0,5),
(308,13,2,1,2),
(308,14,13,3,NULL),
(308,15,NULL,NULL,3),
(278,10,NULL,NULL,1),
(278,11,27,1,5),
(278,12,7,2,2),
(278,13,18,0,4),
(278,14,21,1,4),
(278,15,30,2,5),
(407,15,26,2,1),
(79,9,154,4,NULL),
(79,10,18,1,3),
(79,11,103,3,2),
(79,12,216,7,2),
(79,13,375,9,3),
(79,14,92,2,2),
(79,15,174,10,4),
(128,3,31,1,NULL),
(128,4,51,1,NULL),
(128,6,145,5,7),
(128,9,7,0,NULL),
(128,13,0,0,NULL),
(128,15,259,8,NULL),
(95,3,242,3,4),
(95,4,81,4,1),
(95,5,234,5,6),
(95,6,297,9,7),
(95,7,3,0,1),
(95,8,37,0,1),
(9,1,433,10,6),
(9,2,343,12,4),
(9,3,300,4,5),
(9,4,397,8,5),
(9,5,371,19,12),
(9,6,482,20,15),
(9,7,402,14,3),
(9,8,390,13,8),
(9,9,303,13,8),
(9,10,307,7,10),
(9,11,481,11,11),
(9,12,436,13,11),
(9,13,210,9,15),
(9,14,119,1,13),
(9,15,247,16,9),
(272,1,38,5,1),
(272,2,13,0,1),
(272,3,3,0,1),
(272,4,1,0,NULL),
(272,5,4,1,1),
(272,6,47,3,NULL),
(195,4,23,2,NULL),
(195,15,187,7,7),
(464,11,11,1,1),
(464,12,1,0,1),
(464,13,1,0,NULL),
(464,14,1,2,NULL),
(518,15,6,2,3),
(481,9,NULL,NULL,2),
(481,11,1,1,1),
(481,14,8,2,NULL),
(481,15,3,0,1),
(138,1,234,9,3),
(138,2,159,6,7),
(138,3,13,0,3),
(138,4,10,2,1),
(303,13,35,0,NULL),
(303,15,43,3,NULL),
(89,12,177,3,1),
(89,13,362,11,7),
(89,14,86,3,3),
(89,15,335,8,8),
(41,9,110,4,NULL),
(41,10,351,15,4),
(41,11,312,9,2),
(41,12,355,8,3),
(41,13,362,12,2),
(41,14,405,22,4),
(41,15,383,11,6),
(236,5,145,3,11),
(380,12,3,0,3),
(380,13,27,4,2),
(380,14,3,0,1),
(380,15,2,0,2),
(596,4,0,0,NULL),
(438,7,16,0,1),
(438,8,4,0,NULL),
(574,4,1,0,NULL),
(248,1,110,2,2),
(248,2,21,3,4),
(399,4,28,3,1),
(131,4,25,1,NULL),
(131,5,7,1,3),
(131,6,256,12,5),
(131,8,16,0,NULL),
(131,9,157,2,5),
(292,6,9,0,1),
(292,7,NULL,0,NULL),
(292,8,22,1,5),
(292,9,9,3,NULL),
(292,10,15,0,1),
(292,13,25,0,2),
(292,14,4,0,1),
(292,15,2,1,NULL),
(375,9,27,1,2),
(375,12,8,0,NULL),
(375,13,1,1,1),
(444,14,19,0,NULL),
(444,15,0,NULL,1),
(58,2,170,9,2),
(58,3,393,18,4),
(58,4,173,6,8),
(58,5,274,3,14),
(58,6,9,0,1),
(58,7,254,9,6),
(58,8,143,4,6),
(58,9,142,7,18),
(58,10,84,6,6),
(58,11,2,0,NULL),
(120,3,118,2,NULL),
(120,4,28,1,2),
(120,5,378,16,5),
(120,6,26,1,NULL),
(502,15,8,1,1),
(331,15,58,6,2),
(530,5,4,0,3),
(530,6,1,1,1),
(503,11,8,0,NULL),
(503,12,NULL,NULL,1),
(247,3,109,9,2),
(247,5,16,1,2),
(247,6,6,0,1),
(505,13,8,2,1),
(147,1,118,10,2),
(147,2,65,5,1),
(147,3,5,0,1),
(147,4,30,2,2),
(147,5,38,2,1),
(147,6,55,3,1),
(147,7,1,0,NULL),
(147,8,18,4,3),
(147,9,25,2,2),
(147,10,8,1,NULL),
(145,5,37,9,1),
(145,7,NULL,NULL,1),
(145,8,126,10,4),
(145,9,62,1,2),
(145,10,154,5,2),
(145,11,3,1,NULL),
(145,12,10,3,3),
(145,13,NULL,NULL,3),
(567,4,1,0,NULL),
(567,5,1,0,NULL),
(429,12,20,0,NULL),
(440,9,19,2,NULL),
(319,12,17,1,1),
(319,13,15,0,1),
(319,14,19,0,NULL),
(319,15,14,1,NULL),
(22,1,336,7,6),
(22,2,157,4,3),
(22,3,79,4,NULL),
(22,4,210,15,8),
(22,5,212,4,5),
(22,6,305,16,5),
(22,7,217,14,11),
(22,8,356,6,7),
(22,9,191,8,9),
(22,10,427,15,6),
(22,11,160,6,3),
(22,12,391,17,6),
(227,5,77,3,NULL),
(227,6,95,5,2),
(514,1,5,0,1),
(514,2,1,0,1),
(514,3,1,0,NULL),
(450,6,6,3,NULL),
(450,7,NULL,0,1),
(450,8,2,0,NULL),
(450,9,10,0,2),
(190,15,218,1,4),
(125,2,6,0,NULL),
(125,4,491,13,2),
(125,5,32,3,1),
(125,6,10,1,NULL),
(193,3,213,8,3),
(141,8,1,NULL,1),
(141,10,79,2,1),
(141,13,153,7,3),
(141,14,107,3,2),
(141,15,64,0,1),
(384,1,3,0,1),
(384,2,6,1,3),
(384,3,15,2,1),
(384,5,NULL,NULL,1),
(384,6,4,1,NULL),
(384,9,NULL,NULL,1),
(384,10,2,0,NULL),
(384,11,1,1,NULL),
(384,15,3,0,1),
(176,13,142,8,8),
(176,14,74,2,NULL),
(176,15,50,1,3),
(576,1,1,0,NULL),
(548,15,4,0,1),
(112,1,93,2,5),
(112,2,39,5,6),
(112,3,67,6,3),
(112,4,50,5,3),
(112,5,107,6,2),
(112,6,70,3,NULL),
(112,7,33,3,2),
(112,8,59,3,2),
(112,9,28,2,3),
(112,10,2,0,1),
(112,11,29,1,3),
(112,12,43,4,5),
(112,14,0,0,NULL),
(423,1,3,2,3),
(423,2,2,1,2),
(423,3,3,2,4),
(423,4,NULL,NULL,2),
(423,5,6,3,1),
(423,6,2,2,2),
(423,7,6,1,NULL),
(59,11,250,3,4),
(59,12,366,11,2),
(59,13,234,5,4),
(59,14,493,11,1),
(59,15,301,8,4),
(277,1,41,2,4),
(277,2,58,3,6),
(277,4,5,NULL,NULL),
(517,9,6,0,NULL),
(439,6,4,1,NULL),
(439,7,5,1,NULL),
(439,8,3,0,NULL),
(439,9,8,2,1),
(347,15,48,5,2),
(351,14,1,1,NULL),
(351,15,44,2,1),
(27,6,7,0,3),
(27,7,160,4,2),
(27,8,124,2,NULL),
(27,9,477,17,2),
(27,11,208,6,7),
(27,12,550,23,17),
(27,13,526,15,18),
(27,14,315,12,4),
(27,15,526,11,12),
(109,2,8,1,1),
(109,3,32,4,1),
(109,4,2,0,3),
(109,5,19,0,5),
(109,6,37,0,3),
(109,7,51,1,1),
(109,8,54,2,3),
(109,9,41,2,3),
(109,11,108,8,5),
(109,12,43,2,3),
(109,13,37,5,1),
(109,14,48,0,2),
(109,15,198,4,5),
(149,1,37,2,1),
(149,2,8,4,4),
(149,3,25,0,1),
(149,4,28,6,4),
(149,5,37,1,6),
(149,6,100,7,NULL),
(149,7,70,5,4),
(149,8,0,NULL,NULL),
(149,9,34,5,2),
(149,10,17,1,1),
(447,2,19,0,1),
(207,6,26,1,3),
(207,7,82,6,3),
(207,8,37,3,NULL),
(207,9,14,1,NULL),
(207,10,NULL,NULL,2),
(207,15,38,4,2),
(42,1,377,21,2),
(42,2,280,13,2),
(42,3,267,7,4),
(42,4,367,9,2),
(42,5,482,18,5),
(42,6,497,14,3),
(226,3,73,7,2),
(226,4,96,8,2),
(226,6,3,1,1),
(533,4,4,0,1),
(122,12,169,8,5),
(122,13,90,4,1),
(122,14,95,3,6),
(122,15,190,14,17),
(177,10,NULL,NULL,1),
(177,15,262,11,10),
(335,6,43,1,4),
(335,7,13,1,NULL),
(597,15,0,NULL,NULL),
(170,3,122,9,2),
(170,4,27,3,3),
(170,6,114,2,NULL),
(170,9,25,2,3),
(312,3,29,0,NULL),
(312,4,26,3,6),
(312,5,4,2,2),
(312,6,12,1,2),
(323,15,63,4,NULL),
(446,6,1,NULL,2),
(446,7,18,1,1),
(100,7,19,1,NULL),
(100,10,20,0,NULL),
(100,11,57,1,4),
(100,12,27,0,7),
(100,13,263,16,9),
(100,14,163,7,2),
(100,15,231,7,5),
(154,1,36,0,3),
(154,2,48,5,3),
(154,3,31,5,3),
(154,4,51,5,3),
(154,5,73,5,5),
(154,6,71,6,6),
(154,7,6,1,1),
(154,8,2,0,6),
(154,9,13,1,NULL),
(154,11,7,0,2),
(487,15,11,1,NULL),
(31,1,149,4,8),
(31,2,312,18,4),
(31,4,293,13,1),
(31,5,198,10,2),
(31,6,211,8,4),
(31,7,153,4,3),
(31,8,137,7,13),
(31,9,209,9,4),
(31,10,164,12,2),
(31,11,100,3,9),
(31,12,119,4,9),
(31,13,243,6,5),
(31,14,249,9,13),
(31,15,127,7,7),
(53,10,411,17,5),
(53,11,233,11,4),
(53,12,147,5,3),
(53,13,240,10,3),
(53,14,407,17,8),
(53,15,429,11,6),
(344,15,50,3,NULL),
(156,10,12,2,5),
(156,11,61,3,6),
(156,12,37,4,4),
(156,13,43,5,2),
(156,14,88,6,2),
(156,15,93,0,7),
(478,12,5,1,1),
(478,15,7,1,NULL),
(498,13,7,4,2),
(498,14,2,0,2),
(498,15,0,NULL,3),
(270,10,3,0,1),
(270,11,NULL,NULL,1),
(270,12,12,0,3),
(270,13,2,2,3),
(270,14,14,5,2),
(270,15,79,5,4),
(72,13,220,7,4),
(72,14,658,16,6),
(72,15,382,12,4),
(289,5,89,4,2),
(228,2,129,2,3),
(228,3,1,0,NULL),
(228,4,14,4,2),
(228,5,NULL,NULL,1),
(228,6,26,0,NULL),
(563,8,2,0,1),
(4,1,419,18,8),
(4,2,379,14,4),
(4,3,422,22,9),
(4,4,382,10,7),
(4,5,448,25,13),
(4,6,548,17,7),
(4,7,397,9,5),
(4,8,492,18,5),
(4,9,498,20,2),
(4,10,349,18,10),
(4,11,297,13,8),
(4,12,410,8,4),
(4,13,355,7,6),
(4,14,399,10,1),
(4,15,288,3,7),
(261,2,22,2,5),
(261,3,45,3,4),
(261,4,32,2,7),
(261,5,18,1,2),
(261,6,2,4,NULL),
(371,5,37,2,1),
(264,2,114,6,2),
(507,11,0,NULL,NULL),
(507,12,8,0,NULL),
(175,11,36,1,6),
(175,12,37,1,1),
(175,13,11,0,1),
(175,15,184,8,9),
(132,14,78,5,1),
(132,15,359,9,4)
GO






INSERT INTO PlayerLine (PlayerID, TournamentID, Runs, Wickets, Catch)
VALUES 
(155,4,111,3,2),
(155,5,22,1,1),
(155,6,89,3,1),
(155,7,54,2,2),
(155,8,62,5,1),
(593,14,NULL,0,NULL),
(593,15,0,NULL,1),
(328,1,29,5,5),
(328,2,9,2,6),
(328,3,12,4,4),
(328,4,3,2,5),
(328,5,6,2,3),
(328,6,NULL,NULL,4),
(598,5,0,2,1),
(23,9,202,5,3),
(23,10,375,14,8),
(23,11,717,12,4),
(23,12,511,22,18),
(23,13,372,14,13),
(23,14,442,17,10),
(23,15,356,11,8),
(317,1,29,1,2),
(317,2,23,3,3),
(317,3,5,0,NULL),
(317,4,11,1,NULL),
(433,1,8,1,1),
(433,2,12,1,2),
(339,7,39,3,1),
(339,8,15,1,2),
(304,1,77,1,1),
(118,2,150,6,1),
(118,3,261,19,2),
(118,8,146,7,1),
(569,3,2,0,NULL),
(535,3,4,0,2),
(275,1,47,4,2),
(275,6,57,3,2),
(326,4,56,4,1),
(326,6,4,0,2),
(386,14,27,1,1),
(386,15,6,NULL,1),
(8,1,360,13,9),
(8,2,188,17,7),
(8,3,391,11,7),
(8,4,285,14,12),
(8,5,427,15,6),
(8,6,455,20,7),
(8,7,681,20,1),
(8,8,384,9,7),
(8,9,419,11,10),
(8,10,414,8,9),
(8,11,366,7,5),
(8,12,300,12,4),
(8,13,210,7,3),
(8,14,118,2,NULL),
(8,15,248,7,5),
(230,1,6,0,NULL),
(230,3,39,1,3),
(230,4,90,3,8),
(230,5,26,1,NULL),
(230,6,0,NULL,NULL),
(230,7,3,0,NULL),
(320,4,15,1,1),
(320,5,14,2,NULL),
(320,8,0,NULL,NULL),
(320,9,NULL,NULL,3),
(320,10,35,7,1),
(457,10,15,2,2),
(62,1,202,5,5),
(62,2,191,2,5),
(62,3,377,12,1),
(62,4,411,18,1),
(62,5,204,7,3),
(62,6,130,4,1),
(405,1,27,1,NULL),
(2,1,365,8,8),
(2,2,41,1,2),
(2,3,212,4,5),
(2,4,421,15,6),
(2,5,583,20,5),
(2,6,326,14,3),
(2,7,419,12,5),
(2,8,369,11,6),
(2,9,523,21,5),
(2,10,495,10,7),
(2,11,529,12,12),
(2,12,541,18,5),
(2,13,628,27,5),
(2,14,609,17,9),
(2,15,500,22,10),
(103,12,40,2,1),
(103,13,135,2,2),
(103,14,249,10,2),
(103,15,303,9,6),
(216,7,11,3,NULL),
(216,8,1,0,NULL),
(216,9,2,0,NULL),
(216,11,53,6,NULL),
(216,12,64,3,3),
(216,13,39,3,2),
(216,14,7,2,NULL),
(216,15,9,2,NULL),
(431,6,7,0,1),
(431,7,2,0,NULL),
(431,10,0,1,3),
(431,11,3,2,2),
(431,12,0,1,1),
(431,14,8,0,1),
(590,9,0,0,NULL),
(578,3,1,1,NULL),
(578,4,NULL,NULL,1),
(594,12,0,NULL,1),
(350,4,0,0,NULL),
(350,5,0,0,3),
(350,6,14,4,1),
(350,7,12,6,NULL),
(350,8,2,0,3),
(350,9,2,3,NULL),
(350,10,3,1,2),
(350,11,6,2,NULL),
(350,13,7,2,1),
(350,14,0,NULL,1),
(369,3,15,1,1),
(369,6,24,0,NULL),
(282,4,20,1,NULL),
(282,7,76,4,3),
(559,4,2,0,2),
(144,1,4,2,NULL),
(144,2,126,5,2),
(144,4,270,7,NULL),
(355,1,1,2,2),
(355,2,7,0,NULL),
(355,3,32,3,NULL),
(355,4,2,3,1),
(355,6,2,1,NULL),
(368,3,35,1,NULL),
(368,4,4,0,NULL),
(557,2,NULL,2,1),
(557,3,3,0,2),
(231,1,156,2,1),
(418,8,16,2,NULL),
(418,15,7,0,NULL),
(130,1,345,12,5),
(130,2,103,5,1),
(130,3,5,1,NULL),
(130,4,9,1,NULL),
(30,5,0,0,NULL),
(30,7,180,8,7),
(30,8,161,5,7),
(30,9,194,6,6),
(30,10,108,10,5),
(30,11,524,19,8),
(30,12,437,12,9),
(30,13,492,15,8),
(30,14,327,9,5),
(30,15,313,11,3),
(234,6,4,0,2),
(234,9,124,5,1),
(234,10,17,1,2),
(234,14,8,2,NULL),
(194,1,211,7,2),
(333,6,0,0,NULL),
(333,7,3,0,1),
(333,8,9,0,2),
(333,9,8,1,2),
(333,10,9,4,2),
(333,11,0,1,NULL),
(333,12,8,3,1),
(333,13,12,3,NULL),
(333,14,9,1,NULL),
(333,15,NULL,NULL,2),
(341,1,48,4,2),
(341,2,5,0,NULL),
(395,2,21,5,3),
(395,3,NULL,1,1),
(395,4,NULL,0,7),
(395,5,7,2,4),
(395,9,1,1,4),
(509,1,8,0,NULL),
(239,1,120,5,1),
(239,2,14,0,NULL),
(239,4,5,0,1),
(570,4,2,0,1),
(65,1,386,22,5),
(65,2,200,12,3),
(65,3,526,16,7),
(65,4,55,4,1),
(65,5,297,11,6),
(273,1,19,1,1),
(273,2,7,0,NULL),
(273,4,9,2,NULL),
(273,5,69,1,1),
(462,12,15,0,NULL),
(580,3,1,1,NULL),
(32,1,644,19,3),
(32,3,159,8,1),
(32,4,528,18,6),
(32,5,351,13,8),
(32,6,317,8,3),
(32,7,78,1,2),
(32,8,98,2,NULL),
(32,9,163,10,1),
(32,10,274,6,2),
(258,12,82,1,5),
(258,15,40,3,NULL),
(163,13,1,0,1),
(163,14,63,3,3),
(163,15,246,15,8),
(296,1,82,3,4),
(97,4,31,1,1),
(97,5,108,6,1),
(97,7,238,10,2),
(97,8,41,3,NULL),
(97,9,119,2,4),
(97,10,1,NULL,NULL),
(97,11,249,7,2),
(97,12,10,3,NULL),
(97,14,53,2,3),
(313,15,70,5,3),
(338,11,13,2,4),
(338,13,11,1,3),
(338,14,26,1,5),
(338,15,4,3,4),
(527,7,5,NULL,1),
(573,2,1,2,4),
(556,1,3,2,NULL),
(334,1,57,3,6),
(50,11,211,13,3),
(50,12,306,11,7),
(50,13,450,24,7),
(50,14,494,16,6),
(50,15,505,15,7),
(511,15,7,1,1),
(524,3,1,1,1),
(524,4,4,0,1),
(5,1,440,18,10),
(5,2,451,11,7),
(5,3,570,21,10),
(5,4,451,10,3),
(5,5,460,12,10),
(5,6,562,12,10),
(5,7,542,14,12),
(5,8,397,12,10),
(5,9,418,18,7),
(5,10,454,17,4),
(5,11,466,14,9),
(5,12,401,12,7),
(5,14,168,9,7),
(349,1,5,1,2),
(349,2,11,1,2),
(349,3,23,1,1),
(349,4,0,2,NULL),
(349,5,5,1,3),
(349,6,3,0,4),
(196,1,74,2,3),
(196,2,113,9,5),
(196,3,13,6,2),
(196,4,10,4,1),
(283,2,0,2,2),
(283,3,1,1,2),
(283,4,8,3,2),
(283,5,59,4,4),
(283,6,10,3,2),
(283,7,2,2,NULL),
(283,8,8,1,2),
(283,10,7,0,1),
(151,12,95,3,2),
(151,13,192,9,6),
(151,14,57,1,1),
(469,2,13,0,2),
(181,1,104,4,NULL),
(181,2,150,8,2),
(232,1,154,8,2),
(486,6,11,3,2),
(121,8,113,6,NULL),
(121,9,67,2,NULL),
(121,11,55,3,2),
(121,12,184,4,NULL),
(121,13,35,1,2),
(121,14,0,0,2),
(121,15,94,1,2),
(219,8,7,1,NULL),
(219,10,0,1,4),
(219,11,15,0,3),
(219,12,14,2,4),
(219,13,12,0,2),
(219,14,7,2,2),
(219,15,128,3,6),
(96,12,93,2,3),
(96,13,191,5,7),
(96,14,256,5,4),
(96,15,343,14,3),
(367,1,40,3,4),
(197,1,209,9,2),
(162,1,83,5,2),
(162,2,57,2,1),
(162,3,8,0,NULL),
(162,4,31,3,4),
(162,5,72,2,4),
(162,11,60,1,5),
(162,13,1,1,2),
(325,10,38,1,2),
(325,15,23,3,5),
(81,5,10,0,NULL),
(81,6,24,2,3),
(81,7,12,1,2),
(81,8,1,NULL,NULL),
(81,9,8,3,1),
(81,10,237,3,3),
(81,11,373,7,1),
(81,12,159,5,NULL),
(81,13,135,1,2),
(81,14,71,2,2),
(81,15,71,7,2),
(33,5,377,19,10),
(33,6,162,10,4),
(33,7,163,4,9),
(33,8,307,11,7),
(33,9,283,4,2),
(33,10,492,18,7),
(33,12,334,13,3),
(33,13,326,12,2),
(33,14,157,5,10),
(37,1,214,6,6),
(37,2,390,17,6),
(37,3,665,34,3),
(37,4,613,24,4),
(37,5,351,11,NULL),
(37,6,304,6,4),
(15,1,496,14,1),
(15,3,190,5,3),
(15,4,339,7,3),
(15,5,264,4,2),
(15,6,573,11,6),
(15,7,261,4,3),
(15,8,366,11,1),
(15,9,180,7,6),
(15,10,75,7,2),
(15,11,569,11,3),
(15,12,417,12,6),
(15,13,312,5,2),
(587,13,0,0,NULL),
(26,8,463,12,2),
(26,9,34,2,4),
(26,10,352,11,3),
(26,11,423,16,5),
(26,12,484,22,8),
(26,13,538,17,6),
(26,14,186,9,6),
(26,15,420,21,5),
(310,15,72,1,5),
(515,2,6,1,2),
(60,1,26,1,1),
(60,2,13,2,NULL),
(60,3,436,16,3),
(60,4,198,9,5),
(60,5,199,7,3),
(60,6,127,6,2),
(60,8,120,4,5),
(60,9,180,5,4),
(60,10,57,3,NULL),
(60,13,104,3,1),
(60,14,117,8,1),
(98,1,557,12,2),
(98,2,246,8,2),
(98,3,40,0,NULL),
(93,3,8,0,NULL),
(93,4,37,3,2),
(93,5,94,5,1),
(93,6,306,14,3),
(93,7,126,11,3),
(93,8,86,7,5),
(93,9,70,2,3),
(93,10,80,3,1),
(93,11,44,3,1),
(93,12,72,2,NULL),
(602,5,0,0,NULL),
(356,4,44,2,1),
(17,6,208,4,13),
(17,7,350,14,5),
(17,8,212,5,9),
(17,9,301,12,3),
(17,10,395,11,4),
(17,11,451,10,5),
(17,12,358,10,4),
(17,13,388,10,9),
(17,14,514,23,7),
(17,15,478,8,14),
(127,9,97,3,3),
(127,10,143,6,4),
(127,11,111,1,5),
(127,12,1,0,1),
(127,15,179,7,6),
(416,3,12,1,2),
(416,4,10,2,3),
(416,6,1,NULL,NULL),
(472,9,0,1,NULL),
(472,10,12,1,NULL),
(432,13,20,1,NULL),
(473,2,12,2,NULL),
(477,1,11,0,4),
(477,2,1,1,1),
(551,13,3,3,2),
(551,14,NULL,0,NULL),
(551,15,NULL,NULL,1),
(568,14,2,0,NULL),
(560,15,2,1,NULL),
(390,1,31,1,1),
(468,2,3,1,1),
(468,3,10,1,2),
(337,8,NULL,NULL,2),
(337,9,NULL,NULL,1),
(337,10,5,0,NULL),
(337,11,0,0,9),
(337,12,7,1,2),
(337,13,0,0,4),
(337,14,1,2,4),
(337,15,41,1,2),
(456,4,15,2,NULL),
(256,7,4,0,2),
(256,8,13,1,4),
(256,9,33,0,3),
(256,10,7,1,1),
(256,11,52,5,3),
(256,12,9,2,3),
(256,14,3,0,2),
(256,15,2,1,3),
(210,14,1,0,NULL),
(210,15,191,4,6),
(137,15,418,17,10),
(250,11,24,4,1),
(250,13,85,6,1),
(250,14,21,1,NULL),
(389,14,5,0,NULL),
(389,15,26,0,1),
(106,2,244,13,2),
(106,3,320,16,3),
(106,4,69,2,2),
(106,5,16,0,1),
(106,6,52,1,2),
(74,1,106,9,5),
(74,2,451,12,4),
(74,3,48,2,4),
(74,4,238,5,1),
(74,5,321,13,5),
(74,6,87,1,2),
(191,9,61,1,NULL),
(191,10,153,8,3),
(504,1,8,0,2),
(504,2,0,NULL,NULL),
(606,5,NULL,1,NULL),
(300,4,79,3,NULL),
(495,10,9,2,1),
(495,15,0,NULL,NULL),
(427,13,21,2,1),
(427,15,NULL,NULL,1),
(603,1,0,NULL,2),
(497,6,9,0,1),
(158,4,3,0,NULL),
(158,5,37,1,1),
(158,6,169,7,4),
(158,7,3,0,NULL),
(158,8,114,5,4),
(158,9,1,0,NULL),
(352,1,44,1,NULL),
(525,15,5,1,3),
(243,9,134,6,1),
(214,3,3,2,1),
(214,4,2,0,3),
(214,5,2,0,2),
(214,6,39,6,5),
(214,7,2,1,2),
(214,8,31,2,5),
(214,9,10,2,1),
(214,10,10,5,4),
(214,11,5,0,2),
(214,12,28,4,4),
(214,13,0,0,NULL),
(214,15,57,5,3),
(1,1,187,12,2),
(1,2,258,14,9),
(1,3,320,8,3),
(1,4,584,18,7),
(1,5,375,12,7),
(1,6,660,20,7),
(1,7,373,13,7),
(1,8,519,17,7),
(1,9,998,24,6),
(1,10,314,13,5),
(1,11,539,19,8),
(1,12,472,14,5),
(1,13,492,17,3),
(1,14,423,11,8),
(1,15,362,10,9),
(601,5,0,NULL,NULL),
(25,1,433,8,3),
(25,2,220,6,3),
(25,3,375,14,2),
(25,4,443,17,9),
(25,5,526,17,7),
(25,6,318,12,5),
(25,7,492,16,5),
(25,8,108,5,NULL),
(102,9,NULL,NULL,2),
(102,10,105,1,3),
(102,11,223,8,6),
(102,12,250,11,10),
(102,13,101,1,1),
(102,14,61,5,2),
(102,15,22,0,3),
(520,15,6,1,1),
(396,7,29,2,NULL),
(454,14,16,0,2),
(441,10,19,1,NULL),
(343,4,0,0,NULL),
(343,5,1,1,1),
(343,7,36,3,NULL),
(343,8,6,0,1),
(343,9,NULL,1,NULL),
(343,10,5,1,NULL),
(343,12,3,1,1),
(343,13,1,0,NULL),
(114,14,391,7,7),
(114,15,199,9,4),
(529,1,5,1,1),
(529,2,NULL,NULL,2),
(494,2,NULL,NULL,1),
(494,3,8,0,NULL),
(494,7,1,0,1),
(571,1,2,NULL,NULL),
(167,1,159,8,1),
(167,2,19,1,1),
(167,3,67,5,2),
(167,4,51,2,NULL),
(426,1,21,7,5),
(426,5,NULL,NULL,1),
(240,1,122,8,3),
(240,2,17,0,1),
(324,1,27,2,2),
(324,2,36,2,3),
(150,10,12,4,5),
(150,11,68,2,NULL),
(150,12,2,0,2),
(150,13,115,7,NULL),
(150,14,39,1,1),
(150,15,113,5,1),
(307,4,41,3,1),
(307,5,26,2,1),
(307,6,5,1,1),
(307,7,2,0,3),
(36,1,164,8,8),
(36,2,73,1,2),
(36,3,70,6,3),
(36,4,77,3,2),
(36,5,8,1,1),
(36,6,72,1,NULL),
(36,7,375,11,8),
(36,8,266,14,11),
(36,9,274,6,7),
(36,10,245,14,10),
(36,11,130,8,5),
(36,12,93,0,3),
(36,13,227,5,2),
(36,14,144,11,6),
(36,15,335,14,11),
(295,1,23,2,NULL),
(295,2,30,4,NULL),
(295,3,31,0,NULL),
(488,6,10,0,NULL),
(436,4,20,0,2),
(164,2,22,0,NULL),
(164,3,4,2,2),
(164,4,126,3,1),
(164,5,157,6,4),
(604,12,0,1,NULL),
(83,1,304,14,NULL),
(83,2,129,7,7),
(83,3,35,1,NULL),
(83,4,364,13,4),
(83,5,138,12,NULL),
(83,7,81,3,2),
(582,3,1,0,NULL),
(605,15,0,NULL,1),
(346,2,49,2,3),
(116,13,40,4,1),
(116,14,255,8,3),
(116,15,272,8,2),
(20,1,454,15,3),
(20,2,272,7,2),
(20,3,343,5,8),
(20,4,291,6,4),
(20,5,218,10,3),
(20,6,345,14,4),
(20,7,272,12,5),
(20,8,337,20,3),
(20,9,379,11,3),
(20,10,155,5,2),
(20,11,276,15,3),
(20,12,43,2,1),
(550,1,3,0,1),
(359,7,2,1,3),
(359,8,1,2,3),
(359,9,NULL,NULL,4),
(359,10,13,3,3),
(359,11,1,1,1),
(359,12,6,0,3),
(359,13,4,0,NULL),
(359,14,11,2,4),
(359,15,5,0,NULL),
(28,1,307,8,7),
(28,2,373,14,5),
(28,3,272,6,2),
(28,4,353,16,4),
(28,6,244,13,1),
(28,7,397,9,3),
(28,8,257,4,2),
(28,9,242,6,1),
(28,10,265,9,3),
(28,11,66,5,1),
(28,12,108,6,NULL),
(199,1,78,3,10),
(199,2,18,2,1),
(199,7,111,3,2),
(259,1,36,3,1),
(259,2,8,1,2),
(259,3,24,2,4),
(259,4,21,0,4),
(259,5,12,2,5),
(259,7,10,0,NULL),
(259,9,6,0,NULL),
(259,10,4,1,4)
GO









INSERT INTO TeamLine (TeamLineID,TournamentID,TeamID)
VALUES 
(1,1,5),
(2,1,16),
(3,1,12),
(4,1,11),
(5,1,8),
(6,1,10),
(7,1,1),
(8,1,2),
(9,2,5),
(10,2,16),
(11,2,12),
(12,2,11),
(13,2,8),
(14,2,10),
(15,2,1),
(16,2,2),
(17,3,5),
(18,3,16),
(19,3,12),
(20,3,11),
(21,3,8),
(22,3,10),
(23,3,1),
(24,3,2),
(25,4,5),
(26,4,16),
(27,4,12),
(28,4,11),
(29,4,17),
(30,4,8),
(31,4,10),
(32,4,15),
(33,4,1),
(34,4,2),
(35,5,5),
(36,5,16),
(37,5,12),
(38,5,11),
(39,5,8),
(40,5,10),
(41,5,15),
(42,5,1),
(43,5,2),
(44,6,5),
(45,6,12),
(46,6,11),
(47,6,8),
(48,6,10),
(49,6,15),
(50,6,1),
(51,6,2),
(52,6,3),
(53,7,5),
(54,7,12),
(55,7,11),
(56,7,8),
(57,7,10),
(58,7,1),
(59,7,2),
(60,7,3),
(61,8,5),
(62,8,12),
(63,8,11),
(64,8,8),
(65,8,10),
(66,8,1),
(67,8,2),
(68,8,3),
(69,9,12),
(70,9,14),
(71,9,11),
(72,9,8),
(73,9,10),
(74,9,13),
(75,9,2),
(76,9,3),
(77,10,12),
(78,10,14),
(79,10,11),
(80,10,8),
(81,10,10),
(82,10,13),
(83,10,2),
(84,10,3),
(85,11,5),
(86,11,12),
(87,11,11),
(88,11,8),
(89,11,10),
(90,11,1),
(91,11,2),
(92,11,3),
(93,12,5),
(94,12,4),
(95,12,11),
(96,12,8),
(97,12,10),
(98,12,1),
(99,12,2),
(100,12,3),
(101,13,5),
(102,13,4),
(103,13,11),
(104,13,8),
(105,13,10),
(106,13,1),
(107,13,2),
(108,13,3),
(109,14,5),
(110,14,4),
(111,14,8),
(112,14,10),
(113,14,9),
(114,14,1),
(115,14,2),
(116,14,3),
(117,15,5),
(118,15,4),
(119,15,6),
(120,15,8),
(121,15,7),
(122,15,10),
(123,15,9),
(124,15,1),
(125,15,2),
(126,15,3)

GO





INSERT INTO Contract (ContractID,CoachID,PlayerID,TeamID,StartDate,EndDate,Terms)
VALUES 
(1,1,NULL,1,'2008-04-18','2022-12-31','coach contract'),
(2,2,NULL,2,'2008-04-18','2022-12-31','coach contract'),
(3,3,NULL,3,'2008-04-18','2022-12-31','coach contract'),
(4,4,NULL,4,'2008-04-18','2022-12-31','coach contract'),
(5,5,NULL,5,'2008-04-18','2022-12-31','coach contract'),
(6,6,NULL,6,'2008-04-18','2022-12-31','coach contract'),
(7,7,NULL,7,'2008-04-18','2022-12-31','coach contract'),
(8,8,NULL,8,'2008-04-18','2022-12-31','coach contract'),
(9,9,NULL,9,'2008-04-18','2022-12-31','coach contract'),
(10,10,NULL,10,'2008-04-18','2022-12-31','coach contract'),
(11,11,NULL,11,'2008-04-18','2022-12-31','coach contract'),
(12,12,NULL,12,'2008-04-18','2022-12-31','coach contract'),
(13,13,NULL,13,'2008-04-18','2022-12-31','coach contract'),
(14,14,NULL,14,'2008-04-18','2022-12-31','coach contract'),
(15,15,NULL,15,'2008-04-18','2022-12-31','coach contract'),
(16,16,NULL,16,'2008-04-18','2022-12-31','coach contract'),
(17,17,NULL,17,'2008-04-18','2022-12-31','coach contract'),
(18,NULL,1,2,'2008-04-18','2022-12-31','player contract'),
(19,NULL,2,9,'2008-04-18','2022-12-31','player contract'),
(20,NULL,3,4,'2008-04-18','2022-12-31','player contract'),
(21,NULL,4,10,'2008-04-18','2022-12-31','player contract'),
(22,NULL,5,5,'2008-04-18','2022-12-31','player contract'),
(23,NULL,6,2,'2008-04-18','2022-12-31','player contract'),
(24,NULL,7,9,'2008-04-18','2022-12-31','player contract'),
(25,NULL,8,5,'2008-04-18','2022-12-31','player contract'),
(26,NULL,9,5,'2008-04-18','2022-12-31','player contract'),
(27,NULL,10,2,'2008-04-18','2022-12-31','player contract'),
(28,NULL,11,12,'2008-04-18','2022-12-31','player contract'),
(29,NULL,12,5,'2008-04-18','2022-12-31','player contract'),
(30,NULL,13,8,'2008-04-18','2022-12-31','player contract'),
(31,NULL,14,7,'2008-04-18','2022-12-31','player contract'),
(32,NULL,15,5,'2008-04-18','2022-12-31','player contract'),
(33,NULL,16,7,'2008-04-18','2022-12-31','player contract'),
(34,NULL,17,1,'2008-04-18','2022-12-31','player contract'),
(35,NULL,18,10,'2008-04-18','2022-12-31','player contract'),
(36,NULL,19,2,'2008-04-18','2022-12-31','player contract'),
(37,NULL,20,3,'2008-04-18','2022-12-31','player contract'),
(38,NULL,21,2,'2008-04-18','2022-12-31','player contract'),
(39,NULL,22,2,'2008-04-18','2022-12-31','player contract'),
(40,NULL,23,4,'2008-04-18','2022-12-31','player contract'),
(41,NULL,24,1,'2008-04-18','2022-12-31','player contract'),
(42,NULL,25,11,'2008-04-18','2022-12-31','player contract'),
(43,NULL,26,8,'2008-04-18','2022-12-31','player contract'),
(44,NULL,27,7,'2008-04-18','2022-12-31','player contract'),
(45,NULL,28,10,'2008-04-18','2022-12-31','player contract'),
(46,NULL,29,5,'2008-04-18','2022-12-31','player contract'),
(47,NULL,30,10,'2008-04-18','2022-12-31','player contract'),
(48,NULL,31,5,'2008-04-18','2022-12-31','player contract'),
(49,NULL,32,11,'2008-04-18','2022-12-31','player contract'),
(50,NULL,33,4,'2008-04-18','2022-12-31','player contract'),
(51,NULL,34,6,'2008-04-18','2022-12-31','player contract'),
(52,NULL,35,8,'2008-04-18','2022-12-31','player contract'),
(53,NULL,36,6,'2008-04-18','2022-12-31','player contract'),
(54,NULL,37,10,'2008-04-18','2022-12-31','player contract'),
(55,NULL,38,14,'2008-04-18','2022-12-31','player contract'),
(56,NULL,39,9,'2008-04-18','2022-12-31','player contract'),
(57,NULL,40,2,'2008-04-18','2022-12-31','player contract'),
(58,NULL,41,8,'2008-04-18','2022-12-31','player contract'),
(59,NULL,42,1,'2008-04-18','2022-12-31','player contract'),
(60,NULL,43,8,'2008-04-18','2022-12-31','player contract'),
(61,NULL,44,11,'2008-04-18','2022-12-31','player contract'),
(62,NULL,45,3,'2008-04-18','2022-12-31','player contract'),
(63,NULL,46,8,'2008-04-18','2022-12-31','player contract'),
(64,NULL,47,10,'2008-04-18','2022-12-31','player contract'),
(65,NULL,48,6,'2008-04-18','2022-12-31','player contract'),
(66,NULL,49,5,'2008-04-18','2022-12-31','player contract'),
(67,NULL,50,6,'2008-04-18','2022-12-31','player contract'),
(68,NULL,51,10,'2008-04-18','2022-12-31','player contract'),
(69,NULL,52,12,'2008-04-18','2022-12-31','player contract'),
(70,NULL,53,3,'2008-04-18','2022-12-31','player contract'),
(71,NULL,54,3,'2008-04-18','2022-12-31','player contract'),
(72,NULL,55,11,'2008-04-18','2022-12-31','player contract'),
(73,NULL,56,4,'2008-04-18','2022-12-31','player contract'),
(74,NULL,57,5,'2008-04-18','2022-12-31','player contract'),
(75,NULL,58,12,'2008-04-18','2022-12-31','player contract'),
(76,NULL,59,4,'2008-04-18','2022-12-31','player contract'),
(77,NULL,60,10,'2008-04-18','2022-12-31','player contract'),
(78,NULL,61,1,'2008-04-18','2022-12-31','player contract'),
(79,NULL,62,5,'2008-04-18','2022-12-31','player contract'),
(80,NULL,63,8,'2008-04-18','2022-12-31','player contract'),
(81,NULL,64,1,'2008-04-18','2022-12-31','player contract'),
(82,NULL,65,16,'2008-04-18','2022-12-31','player contract'),
(83,NULL,66,7,'2008-04-18','2022-12-31','player contract'),
(84,NULL,67,5,'2008-04-18','2022-12-31','player contract'),
(85,NULL,68,10,'2008-04-18','2022-12-31','player contract'),
(86,NULL,69,9,'2008-04-18','2022-12-31','player contract'),
(87,NULL,70,1,'2008-04-18','2022-12-31','player contract'),
(88,NULL,71,7,'2008-04-18','2022-12-31','player contract'),
(89,NULL,72,5,'2008-04-18','2022-12-31','player contract'),
(90,NULL,73,3,'2008-04-18','2022-12-31','player contract'),
(91,NULL,74,2,'2008-04-18','2022-12-31','player contract'),
(92,NULL,75,14,'2008-04-18','2022-12-31','player contract'),
(93,NULL,76,5,'2008-04-18','2022-12-31','player contract'),
(94,NULL,77,4,'2008-04-18','2022-12-31','player contract'),
(95,NULL,78,7,'2008-04-18','2022-12-31','player contract'),
(96,NULL,79,7,'2008-04-18','2022-12-31','player contract'),
(97,NULL,80,10,'2008-04-18','2022-12-31','player contract'),
(98,NULL,81,8,'2008-04-18','2022-12-31','player contract'),
(99,NULL,82,12,'2008-04-18','2022-12-31','player contract'),
(100,NULL,83,3,'2008-04-18','2022-12-31','player contract'),
(101,NULL,84,13,'2008-04-18','2022-12-31','player contract'),
(102,NULL,85,9,'2008-04-18','2022-12-31','player contract'),
(103,NULL,86,10,'2008-04-18','2022-12-31','player contract'),
(104,NULL,87,13,'2008-04-18','2022-12-31','player contract'),
(105,NULL,88,3,'2008-04-18','2022-12-31','player contract'),
(106,NULL,89,3,'2008-04-18','2022-12-31','player contract'),
(107,NULL,90,10,'2008-04-18','2022-12-31','player contract'),
(108,NULL,91,5,'2008-04-18','2022-12-31','player contract'),
(109,NULL,92,1,'2008-04-18','2022-12-31','player contract'),
(110,NULL,93,1,'2008-04-18','2022-12-31','player contract'),
(111,NULL,94,8,'2008-04-18','2022-12-31','player contract'),
(112,NULL,95,2,'2008-04-18','2022-12-31','player contract'),
(113,NULL,96,1,'2008-04-18','2022-12-31','player contract'),
(114,NULL,97,8,'2008-04-18','2022-12-31','player contract'),
(115,NULL,98,10,'2008-04-18','2022-12-31','player contract'),
(116,NULL,99,16,'2008-04-18','2022-12-31','player contract'),
(117,NULL,100,6,'2008-04-18','2022-12-31','player contract'),
(118,NULL,101,12,'2008-04-18','2022-12-31','player contract'),
(119,NULL,102,6,'2008-04-18','2022-12-31','player contract'),
(120,NULL,103,5,'2008-04-18','2022-12-31','player contract'),
(121,NULL,104,1,'2008-04-18','2022-12-31','player contract'),
(122,NULL,105,3,'2008-04-18','2022-12-31','player contract'),
(123,NULL,106,16,'2008-04-18','2022-12-31','player contract'),
(124,NULL,107,7,'2008-04-18','2022-12-31','player contract'),
(125,NULL,108,13,'2008-04-18','2022-12-31','player contract'),
(126,NULL,109,1,'2008-04-18','2022-12-31','player contract'),
(127,NULL,110,1,'2008-04-18','2022-12-31','player contract'),
(128,NULL,111,16,'2008-04-18','2022-12-31','player contract'),
(129,NULL,112,10,'2008-04-18','2022-12-31','player contract'),
(130,NULL,113,11,'2008-04-18','2022-12-31','player contract'),
(131,NULL,114,8,'2008-04-18','2022-12-31','player contract'),
(132,NULL,115,9,'2008-04-18','2022-12-31','player contract'),
(133,NULL,116,1,'2008-04-18','2022-12-31','player contract'),
(134,NULL,117,2,'2008-04-18','2022-12-31','player contract'),
(135,NULL,118,3,'2008-04-18','2022-12-31','player contract'),
(136,NULL,119,14,'2008-04-18','2022-12-31','player contract'),
(137,NULL,120,1,'2008-04-18','2022-12-31','player contract'),
(138,NULL,121,4,'2008-04-18','2022-12-31','player contract'),
(139,NULL,122,1,'2008-04-18','2022-12-31','player contract'),
(140,NULL,123,5,'2008-04-18','2022-12-31','player contract'),
(141,NULL,124,2,'2008-04-18','2022-12-31','player contract'),
(142,NULL,125,11,'2008-04-18','2022-12-31','player contract'),
(143,NULL,126,3,'2008-04-18','2022-12-31','player contract'),
(144,NULL,127,8,'2008-04-18','2022-12-31','player contract'),
(145,NULL,128,4,'2008-04-18','2022-12-31','player contract'),
(146,NULL,129,2,'2008-04-18','2022-12-31','player contract'),
(147,NULL,130,1,'2008-04-18','2022-12-31','player contract'),
(148,NULL,131,13,'2008-04-18','2022-12-31','player contract'),
(149,NULL,132,2,'2008-04-18','2022-12-31','player contract'),
(150,NULL,133,12,'2008-04-18','2022-12-31','player contract'),
(151,NULL,134,12,'2008-04-18','2022-12-31','player contract'),
(152,NULL,135,8,'2008-04-18','2022-12-31','player contract'),
(153,NULL,136,11,'2008-04-18','2022-12-31','player contract'),
(154,NULL,137,10,'2008-04-18','2022-12-31','player contract'),
(155,NULL,138,8,'2008-04-18','2022-12-31','player contract'),
(156,NULL,139,1,'2008-04-18','2022-12-31','player contract'),
(157,NULL,140,8,'2008-04-18','2022-12-31','player contract'),
(158,NULL,141,8,'2008-04-18','2022-12-31','player contract'),
(159,NULL,142,4,'2008-04-18','2022-12-31','player contract'),
(160,NULL,143,3,'2008-04-18','2022-12-31','player contract'),
(161,NULL,144,17,'2008-04-18','2022-12-31','player contract'),
(162,NULL,145,2,'2008-04-18','2022-12-31','player contract'),
(163,NULL,146,12,'2008-04-18','2022-12-31','player contract'),
(164,NULL,147,14,'2008-04-18','2022-12-31','player contract'),
(165,NULL,148,3,'2008-04-18','2022-12-31','player contract'),
(166,NULL,149,13,'2008-04-18','2022-12-31','player contract'),
(167,NULL,150,3,'2008-04-18','2022-12-31','player contract'),
(168,NULL,151,5,'2008-04-18','2022-12-31','player contract'),
(169,NULL,152,10,'2008-04-18','2022-12-31','player contract'),
(170,NULL,153,10,'2008-04-18','2022-12-31','player contract'),
(171,NULL,154,8,'2008-04-18','2022-12-31','player contract'),
(172,NULL,155,8,'2008-04-18','2022-12-31','player contract'),
(173,NULL,156,6,'2008-04-18','2022-12-31','player contract'),
(174,NULL,157,11,'2008-04-18','2022-12-31','player contract'),
(175,NULL,158,10,'2008-04-18','2022-12-31','player contract'),
(176,NULL,159,8,'2008-04-18','2022-12-31','player contract'),
(177,NULL,160,2,'2008-04-18','2022-12-31','player contract'),
(178,NULL,161,2,'2008-04-18','2022-12-31','player contract'),
(179,NULL,162,3,'2008-04-18','2022-12-31','player contract'),
(180,NULL,163,2,'2008-04-18','2022-12-31','player contract'),
(181,NULL,164,12,'2008-04-18','2022-12-31','player contract'),
(182,NULL,165,4,'2008-04-18','2022-12-31','player contract'),
(183,NULL,166,17,'2008-04-18','2022-12-31','player contract'),
(184,NULL,167,17,'2008-04-18','2022-12-31','player contract'),
(185,NULL,168,12,'2008-04-18','2022-12-31','player contract'),
(186,NULL,169,3,'2008-04-18','2022-12-31','player contract'),
(187,NULL,170,8,'2008-04-18','2022-12-31','player contract'),
(188,NULL,171,9,'2008-04-18','2022-12-31','player contract'),
(189,NULL,172,2,'2008-04-18','2022-12-31','player contract'),
(190,NULL,173,2,'2008-04-18','2022-12-31','player contract'),
(191,NULL,174,3,'2008-04-18','2022-12-31','player contract'),
(192,NULL,175,8,'2008-04-18','2022-12-31','player contract'),
(193,NULL,176,3,'2008-04-18','2022-12-31','player contract'),
(194,NULL,177,4,'2008-04-18','2022-12-31','player contract'),
(195,NULL,178,5,'2008-04-18','2022-12-31','player contract'),
(196,NULL,179,3,'2008-04-18','2022-12-31','player contract'),
(197,NULL,180,7,'2008-04-18','2022-12-31','player contract'),
(198,NULL,181,11,'2008-04-18','2022-12-31','player contract'),
(199,NULL,182,16,'2008-04-18','2022-12-31','player contract'),
(200,NULL,183,10,'2008-04-18','2022-12-31','player contract'),
(201,NULL,184,4,'2008-04-18','2022-12-31','player contract'),
(202,NULL,185,2,'2008-04-18','2022-12-31','player contract'),
(203,NULL,186,9,'2008-04-18','2022-12-31','player contract'),
(204,NULL,187,17,'2008-04-18','2022-12-31','player contract'),
(205,NULL,188,11,'2008-04-18','2022-12-31','player contract'),
(206,NULL,189,3,'2008-04-18','2022-12-31','player contract'),
(207,NULL,190,9,'2008-04-18','2022-12-31','player contract'),
(208,NULL,191,2,'2008-04-18','2022-12-31','player contract'),
(209,NULL,192,4,'2008-04-18','2022-12-31','player contract'),
(210,NULL,193,12,'2008-04-18','2022-12-31','player contract'),
(211,NULL,194,8,'2008-04-18','2022-12-31','player contract'),
(212,NULL,195,6,'2008-04-18','2022-12-31','player contract'),
(213,NULL,196,1,'2008-04-18','2022-12-31','player contract'),
(214,NULL,197,5,'2008-04-18','2022-12-31','player contract'),
(215,NULL,198,4,'2008-04-18','2022-12-31','player contract'),
(216,NULL,199,2,'2008-04-18','2022-12-31','player contract'),
(217,NULL,200,1,'2008-04-18','2022-12-31','player contract'),
(218,NULL,201,1,'2008-04-18','2022-12-31','player contract'),
(219,NULL,202,12,'2008-04-18','2022-12-31','player contract'),
(220,NULL,203,1,'2008-04-18','2022-12-31','player contract'),
(221,NULL,204,9,'2008-04-18','2022-12-31','player contract'),
(222,NULL,205,12,'2008-04-18','2022-12-31','player contract'),
(223,NULL,206,8,'2008-04-18','2022-12-31','player contract'),
(224,NULL,207,9,'2008-04-18','2022-12-31','player contract'),
(225,NULL,208,3,'2008-04-18','2022-12-31','player contract'),
(226,NULL,209,12,'2008-04-18','2022-12-31','player contract'),
(227,NULL,210,10,'2008-04-18','2022-12-31','player contract'),
(228,NULL,211,7,'2008-04-18','2022-12-31','player contract'),
(229,NULL,212,1,'2008-04-18','2022-12-31','player contract'),
(230,NULL,213,3,'2008-04-18','2022-12-31','player contract'),
(231,NULL,214,8,'2008-04-18','2022-12-31','player contract'),
(232,NULL,215,1,'2008-04-18','2022-12-31','player contract'),
(233,NULL,216,3,'2008-04-18','2022-12-31','player contract'),
(234,NULL,217,4,'2008-04-18','2022-12-31','player contract'),
(235,NULL,218,8,'2008-04-18','2022-12-31','player contract'),
(236,NULL,219,4,'2008-04-18','2022-12-31','player contract'),
(237,NULL,220,12,'2008-04-18','2022-12-31','player contract'),
(238,NULL,221,2,'2008-04-18','2022-12-31','player contract'),
(239,NULL,222,8,'2008-04-18','2022-12-31','player contract'),
(240,NULL,223,12,'2008-04-18','2022-12-31','player contract'),
(241,NULL,224,10,'2008-04-18','2022-12-31','player contract'),
(242,NULL,225,7,'2008-04-18','2022-12-31','player contract'),
(243,NULL,226,8,'2008-04-18','2022-12-31','player contract'),
(244,NULL,227,3,'2008-04-18','2022-12-31','player contract'),
(245,NULL,228,12,'2008-04-18','2022-12-31','player contract'),
(246,NULL,229,10,'2008-04-18','2022-12-31','player contract'),
(247,NULL,230,3,'2008-04-18','2022-12-31','player contract'),
(248,NULL,231,5,'2008-04-18','2022-12-31','player contract'),
(249,NULL,232,10,'2008-04-18','2022-12-31','player contract'),
(250,NULL,233,6,'2008-04-18','2022-12-31','player contract'),
(251,NULL,234,2,'2008-04-18','2022-12-31','player contract'),
(252,NULL,235,3,'2008-04-18','2022-12-31','player contract'),
(253,NULL,236,11,'2008-04-18','2022-12-31','player contract'),
(254,NULL,237,2,'2008-04-18','2022-12-31','player contract'),
(255,NULL,238,2,'2008-04-18','2022-12-31','player contract'),
(256,NULL,239,5,'2008-04-18','2022-12-31','player contract'),
(257,NULL,240,2,'2008-04-18','2022-12-31','player contract'),
(258,NULL,241,12,'2008-04-18','2022-12-31','player contract'),
(259,NULL,242,2,'2008-04-18','2022-12-31','player contract'),
(260,NULL,243,13,'2008-04-18','2022-12-31','player contract'),
(261,NULL,244,8,'2008-04-18','2022-12-31','player contract'),
(262,NULL,245,3,'2008-04-18','2022-12-31','player contract'),
(263,NULL,246,1,'2008-04-18','2022-12-31','player contract'),
(264,NULL,247,8,'2008-04-18','2022-12-31','player contract'),
(265,NULL,248,1,'2008-04-18','2022-12-31','player contract'),
(266,NULL,249,2,'2008-04-18','2022-12-31','player contract'),
(267,NULL,250,4,'2008-04-18','2022-12-31','player contract'),
(268,NULL,251,8,'2008-04-18','2022-12-31','player contract'),
(269,NULL,252,5,'2008-04-18','2022-12-31','player contract'),
(270,NULL,253,10,'2008-04-18','2022-12-31','player contract'),
(271,NULL,254,2,'2008-04-18','2022-12-31','player contract'),
(272,NULL,255,1,'2008-04-18','2022-12-31','player contract'),
(273,NULL,256,8,'2008-04-18','2022-12-31','player contract'),
(274,NULL,257,1,'2008-04-18','2022-12-31','player contract'),
(275,NULL,258,2,'2008-04-18','2022-12-31','player contract'),
(276,NULL,259,12,'2008-04-18','2022-12-31','player contract'),
(277,NULL,260,2,'2008-04-18','2022-12-31','player contract'),
(278,NULL,261,11,'2008-04-18','2022-12-31','player contract'),
(279,NULL,262,17,'2008-04-18','2022-12-31','player contract'),
(280,NULL,263,9,'2008-04-18','2022-12-31','player contract'),
(281,NULL,264,1,'2008-04-18','2022-12-31','player contract'),
(282,NULL,265,6,'2008-04-18','2022-12-31','player contract'),
(283,NULL,266,4,'2008-04-18','2022-12-31','player contract'),
(284,NULL,267,10,'2008-04-18','2022-12-31','player contract'),
(285,NULL,268,16,'2008-04-18','2022-12-31','player contract'),
(286,NULL,269,1,'2008-04-18','2022-12-31','player contract'),
(287,NULL,270,9,'2008-04-18','2022-12-31','player contract'),
(288,NULL,271,2,'2008-04-18','2022-12-31','player contract'),
(289,NULL,272,11,'2008-04-18','2022-12-31','player contract'),
(290,NULL,273,11,'2008-04-18','2022-12-31','player contract'),
(291,NULL,274,1,'2008-04-18','2022-12-31','player contract'),
(292,NULL,275,10,'2008-04-18','2022-12-31','player contract'),
(293,NULL,276,16,'2008-04-18','2022-12-31','player contract'),
(294,NULL,277,1,'2008-04-18','2022-12-31','player contract'),
(295,NULL,278,2,'2008-04-18','2022-12-31','player contract'),
(296,NULL,279,10,'2008-04-18','2022-12-31','player contract'),
(297,NULL,280,16,'2008-04-18','2022-12-31','player contract'),
(298,NULL,281,2,'2008-04-18','2022-12-31','player contract'),
(299,NULL,282,2,'2008-04-18','2022-12-31','player contract'),
(300,NULL,283,10,'2008-04-18','2022-12-31','player contract'),
(301,NULL,284,1,'2008-04-18','2022-12-31','player contract'),
(302,NULL,285,10,'2008-04-18','2022-12-31','player contract'),
(303,NULL,286,2,'2008-04-18','2022-12-31','player contract'),
(304,NULL,287,16,'2008-04-18','2022-12-31','player contract'),
(305,NULL,288,13,'2008-04-18','2022-12-31','player contract'),
(306,NULL,289,10,'2008-04-18','2022-12-31','player contract'),
(307,NULL,290,1,'2008-04-18','2022-12-31','player contract'),
(308,NULL,291,2,'2008-04-18','2022-12-31','player contract'),
(309,NULL,292,1,'2008-04-18','2022-12-31','player contract'),
(310,NULL,293,5,'2008-04-18','2022-12-31','player contract'),
(311,NULL,294,8,'2008-04-18','2022-12-31','player contract'),
(312,NULL,295,17,'2008-04-18','2022-12-31','player contract'),
(313,NULL,296,17,'2008-04-18','2022-12-31','player contract'),
(314,NULL,297,11,'2008-04-18','2022-12-31','player contract'),
(315,NULL,298,17,'2008-04-18','2022-12-31','player contract'),
(316,NULL,299,5,'2008-04-18','2022-12-31','player contract'),
(317,NULL,300,12,'2008-04-18','2022-12-31','player contract'),
(318,NULL,301,17,'2008-04-18','2022-12-31','player contract'),
(319,NULL,302,4,'2008-04-18','2022-12-31','player contract'),
(320,NULL,303,5,'2008-04-18','2022-12-31','player contract'),
(321,NULL,304,11,'2008-04-18','2022-12-31','player contract'),
(322,NULL,305,17,'2008-04-18','2022-12-31','player contract'),
(323,NULL,306,3,'2008-04-18','2022-12-31','player contract'),
(324,NULL,307,12,'2008-04-18','2022-12-31','player contract'),
(325,NULL,308,9,'2008-04-18','2022-12-31','player contract'),
(326,NULL,309,5,'2008-04-18','2022-12-31','player contract'),
(327,NULL,310,2,'2008-04-18','2022-12-31','player contract'),
(328,NULL,311,6,'2008-04-18','2022-12-31','player contract'),
(329,NULL,312,16,'2008-04-18','2022-12-31','player contract'),
(330,NULL,313,3,'2008-04-18','2022-12-31','player contract'),
(331,NULL,314,8,'2008-04-18','2022-12-31','player contract'),
(332,NULL,315,2,'2008-04-18','2022-12-31','player contract'),
(333,NULL,316,2,'2008-04-18','2022-12-31','player contract'),
(334,NULL,317,17,'2008-04-18','2022-12-31','player contract'),
(335,NULL,318,17,'2008-04-18','2022-12-31','player contract'),
(336,NULL,319,9,'2008-04-18','2022-12-31','player contract'),
(337,NULL,320,2,'2008-04-18','2022-12-31','player contract'),
(338,NULL,321,2,'2008-04-18','2022-12-31','player contract'),
(339,NULL,322,5,'2008-04-18','2022-12-31','player contract'),
(340,NULL,323,3,'2008-04-18','2022-12-31','player contract'),
(341,NULL,324,11,'2008-04-18','2022-12-31','player contract'),
(342,NULL,325,8,'2008-04-18','2022-12-31','player contract'),
(343,NULL,326,16,'2008-04-18','2022-12-31','player contract'),
(344,NULL,327,10,'2008-04-18','2022-12-31','player contract'),
(345,NULL,328,10,'2008-04-18','2022-12-31','player contract'),
(346,NULL,329,16,'2008-04-18','2022-12-31','player contract'),
(347,NULL,330,8,'2008-04-18','2022-12-31','player contract'),
(348,NULL,331,9,'2008-04-18','2022-12-31','player contract'),
(349,NULL,332,4,'2008-04-18','2022-12-31','player contract'),
(350,NULL,333,3,'2008-04-18','2022-12-31','player contract'),
(351,NULL,334,12,'2008-04-18','2022-12-31','player contract'),
(352,NULL,335,2,'2008-04-18','2022-12-31','player contract'),
(353,NULL,336,1,'2008-04-18','2022-12-31','player contract'),
(354,NULL,337,1,'2008-04-18','2022-12-31','player contract'),
(355,NULL,338,8,'2008-04-18','2022-12-31','player contract'),
(356,NULL,339,2,'2008-04-18','2022-12-31','player contract'),
(357,NULL,340,10,'2008-04-18','2022-12-31','player contract'),
(358,NULL,341,8,'2008-04-18','2022-12-31','player contract'),
(359,NULL,342,17,'2008-04-18','2022-12-31','player contract'),
(360,NULL,343,1,'2008-04-18','2022-12-31','player contract'),
(361,NULL,344,10,'2008-04-18','2022-12-31','player contract'),
(362,NULL,345,3,'2008-04-18','2022-12-31','player contract'),
(363,NULL,346,8,'2008-04-18','2022-12-31','player contract'),
(364,NULL,347,7,'2008-04-18','2022-12-31','player contract'),
(365,NULL,348,10,'2008-04-18','2022-12-31','player contract'),
(366,NULL,349,1,'2008-04-18','2022-12-31','player contract'),
(367,NULL,350,3,'2008-04-18','2022-12-31','player contract'),
(368,NULL,351,2,'2008-04-18','2022-12-31','player contract'),
(369,NULL,352,8,'2008-04-18','2022-12-31','player contract'),
(370,NULL,353,10,'2008-04-18','2022-12-31','player contract'),
(371,NULL,354,5,'2008-04-18','2022-12-31','player contract'),
(372,NULL,355,1,'2008-04-18','2022-12-31','player contract'),
(373,NULL,356,11,'2008-04-18','2022-12-31','player contract'),
(374,NULL,357,10,'2008-04-18','2022-12-31','player contract'),
(375,NULL,358,11,'2008-04-18','2022-12-31','player contract'),
(376,NULL,359,1,'2008-04-18','2022-12-31','player contract'),
(377,NULL,360,17,'2008-04-18','2022-12-31','player contract'),
(378,NULL,361,2,'2008-04-18','2022-12-31','player contract'),
(379,NULL,362,2,'2008-04-18','2022-12-31','player contract'),
(380,NULL,363,10,'2008-04-18','2022-12-31','player contract'),
(381,NULL,364,11,'2008-04-18','2022-12-31','player contract'),
(382,NULL,365,1,'2008-04-18','2022-12-31','player contract'),
(383,NULL,366,14,'2008-04-18','2022-12-31','player contract'),
(384,NULL,367,1,'2008-04-18','2022-12-31','player contract'),
(385,NULL,368,12,'2008-04-18','2022-12-31','player contract'),
(386,NULL,369,8,'2008-04-18','2022-12-31','player contract'),
(387,NULL,370,2,'2008-04-18','2022-12-31','player contract'),
(388,NULL,371,10,'2008-04-18','2022-12-31','player contract'),
(389,NULL,372,2,'2008-04-18','2022-12-31','player contract'),
(390,NULL,373,10,'2008-04-18','2022-12-31','player contract'),
(391,NULL,374,2,'2008-04-18','2022-12-31','player contract'),
(392,NULL,375,8,'2008-04-18','2022-12-31','player contract'),
(393,NULL,376,17,'2008-04-18','2022-12-31','player contract'),
(394,NULL,377,3,'2008-04-18','2022-12-31','player contract'),
(395,NULL,378,5,'2008-04-18','2022-12-31','player contract'),
(396,NULL,379,1,'2008-04-18','2022-12-31','player contract'),
(397,NULL,380,1,'2008-04-18','2022-12-31','player contract'),
(398,NULL,381,1,'2008-04-18','2022-12-31','player contract'),
(399,NULL,382,10,'2008-04-18','2022-12-31','player contract'),
(400,NULL,383,4,'2008-04-18','2022-12-31','player contract'),
(401,NULL,384,6,'2008-04-18','2022-12-31','player contract'),
(402,NULL,385,5,'2008-04-18','2022-12-31','player contract'),
(403,NULL,386,4,'2008-04-18','2022-12-31','player contract'),
(404,NULL,387,1,'2008-04-18','2022-12-31','player contract'),
(405,NULL,388,10,'2008-04-18','2022-12-31','player contract'),
(406,NULL,389,4,'2008-04-18','2022-12-31','player contract'),
(407,NULL,390,8,'2008-04-18','2022-12-31','player contract'),
(408,NULL,391,7,'2008-04-18','2022-12-31','player contract'),
(409,NULL,392,13,'2008-04-18','2022-12-31','player contract'),
(410,NULL,393,2,'2008-04-18','2022-12-31','player contract'),
(411,NULL,394,14,'2008-04-18','2022-12-31','player contract'),
(412,NULL,395,14,'2008-04-18','2022-12-31','player contract'),
(413,NULL,396,2,'2008-04-18','2022-12-31','player contract'),
(414,NULL,397,10,'2008-04-18','2022-12-31','player contract'),
(415,NULL,398,9,'2008-04-18','2022-12-31','player contract'),
(416,NULL,399,16,'2008-04-18','2022-12-31','player contract'),
(417,NULL,400,9,'2008-04-18','2022-12-31','player contract'),
(418,NULL,401,8,'2008-04-18','2022-12-31','player contract'),
(419,NULL,402,5,'2008-04-18','2022-12-31','player contract'),
(420,NULL,403,10,'2008-04-18','2022-12-31','player contract'),
(421,NULL,404,1,'2008-04-18','2022-12-31','player contract'),
(422,NULL,405,2,'2008-04-18','2022-12-31','player contract'),
(423,NULL,406,1,'2008-04-18','2022-12-31','player contract'),
(424,NULL,407,7,'2008-04-18','2022-12-31','player contract'),
(425,NULL,408,2,'2008-04-18','2022-12-31','player contract'),
(426,NULL,409,1,'2008-04-18','2022-12-31','player contract'),
(427,NULL,410,10,'2008-04-18','2022-12-31','player contract'),
(428,NULL,411,2,'2008-04-18','2022-12-31','player contract'),
(429,NULL,412,2,'2008-04-18','2022-12-31','player contract'),
(430,NULL,413,5,'2008-04-18','2022-12-31','player contract'),
(431,NULL,414,8,'2008-04-18','2022-12-31','player contract'),
(432,NULL,415,12,'2008-04-18','2022-12-31','player contract'),
(433,NULL,416,1,'2008-04-18','2022-12-31','player contract'),
(434,NULL,417,8,'2008-04-18','2022-12-31','player contract'),
(435,NULL,418,3,'2008-04-18','2022-12-31','player contract'),
(436,NULL,419,2,'2008-04-18','2022-12-31','player contract'),
(437,NULL,420,4,'2008-04-18','2022-12-31','player contract'),
(438,NULL,421,8,'2008-04-18','2022-12-31','player contract'),
(439,NULL,422,8,'2008-04-18','2022-12-31','player contract'),
(440,NULL,423,10,'2008-04-18','2022-12-31','player contract'),
(441,NULL,424,10,'2008-04-18','2022-12-31','player contract'),
(442,NULL,425,1,'2008-04-18','2022-12-31','player contract'),
(443,NULL,426,12,'2008-04-18','2022-12-31','player contract'),
(444,NULL,427,4,'2008-04-18','2022-12-31','player contract'),
(445,NULL,428,16,'2008-04-18','2022-12-31','player contract'),
(446,NULL,429,2,'2008-04-18','2022-12-31','player contract'),
(447,NULL,430,6,'2008-04-18','2022-12-31','player contract'),
(448,NULL,431,3,'2008-04-18','2022-12-31','player contract'),
(449,NULL,432,8,'2008-04-18','2022-12-31','player contract'),
(450,NULL,433,10,'2008-04-18','2022-12-31','player contract'),
(451,NULL,434,2,'2008-04-18','2022-12-31','player contract'),
(452,NULL,435,16,'2008-04-18','2022-12-31','player contract'),
(453,NULL,436,17,'2008-04-18','2022-12-31','player contract'),
(454,NULL,437,1,'2008-04-18','2022-12-31','player contract'),
(455,NULL,438,2,'2008-04-18','2022-12-31','player contract'),
(456,NULL,439,14,'2008-04-18','2022-12-31','player contract'),
(457,NULL,440,11,'2008-04-18','2022-12-31','player contract'),
(458,NULL,441,2,'2008-04-18','2022-12-31','player contract'),
(459,NULL,442,5,'2008-04-18','2022-12-31','player contract'),
(460,NULL,443,2,'2008-04-18','2022-12-31','player contract'),
(461,NULL,444,9,'2008-04-18','2022-12-31','player contract'),
(462,NULL,445,2,'2008-04-18','2022-12-31','player contract'),
(463,NULL,446,12,'2008-04-18','2022-12-31','player contract'),
(464,NULL,447,2,'2008-04-18','2022-12-31','player contract'),
(465,NULL,448,11,'2008-04-18','2022-12-31','player contract'),
(466,NULL,449,1,'2008-04-18','2022-12-31','player contract'),
(467,NULL,450,2,'2008-04-18','2022-12-31','player contract'),
(468,NULL,451,8,'2008-04-18','2022-12-31','player contract'),
(469,NULL,452,5,'2008-04-18','2022-12-31','player contract'),
(470,NULL,453,9,'2008-04-18','2022-12-31','player contract'),
(471,NULL,454,3,'2008-04-18','2022-12-31','player contract'),
(472,NULL,455,1,'2008-04-18','2022-12-31','player contract'),
(473,NULL,456,16,'2008-04-18','2022-12-31','player contract'),
(474,NULL,457,2,'2008-04-18','2022-12-31','player contract'),
(475,NULL,458,2,'2008-04-18','2022-12-31','player contract'),
(476,NULL,459,10,'2008-04-18','2022-12-31','player contract'),
(477,NULL,460,10,'2008-04-18','2022-12-31','player contract'),
(478,NULL,461,10,'2008-04-18','2022-12-31','player contract'),
(479,NULL,462,10,'2008-04-18','2022-12-31','player contract'),
(480,NULL,463,11,'2008-04-18','2022-12-31','player contract'),
(481,NULL,464,3,'2008-04-18','2022-12-31','player contract'),
(482,NULL,465,3,'2008-04-18','2022-12-31','player contract'),
(483,NULL,466,2,'2008-04-18','2022-12-31','player contract'),
(484,NULL,467,17,'2008-04-18','2022-12-31','player contract'),
(485,NULL,468,5,'2008-04-18','2022-12-31','player contract'),
(486,NULL,469,1,'2008-04-18','2022-12-31','player contract'),
(487,NULL,470,11,'2008-04-18','2022-12-31','player contract'),
(488,NULL,471,5,'2008-04-18','2022-12-31','player contract'),
(489,NULL,472,11,'2008-04-18','2022-12-31','player contract'),
(490,NULL,473,1,'2008-04-18','2022-12-31','player contract'),
(491,NULL,474,16,'2008-04-18','2022-12-31','player contract'),
(492,NULL,475,10,'2008-04-18','2022-12-31','player contract'),
(493,NULL,476,12,'2008-04-18','2022-12-31','player contract'),
(494,NULL,477,11,'2008-04-18','2022-12-31','player contract'),
(495,NULL,478,8,'2008-04-18','2022-12-31','player contract'),
(496,NULL,479,12,'2008-04-18','2022-12-31','player contract'),
(497,NULL,480,1,'2008-04-18','2022-12-31','player contract'),
(498,NULL,481,4,'2008-04-18','2022-12-31','player contract'),
(499,NULL,482,11,'2008-04-18','2022-12-31','player contract'),
(500,NULL,483,2,'2008-04-18','2022-12-31','player contract'),
(501,NULL,484,5,'2008-04-18','2022-12-31','player contract'),
(502,NULL,485,1,'2008-04-18','2022-12-31','player contract'),
(503,NULL,486,8,'2008-04-18','2022-12-31','player contract'),
(504,NULL,487,9,'2008-04-18','2022-12-31','player contract'),
(505,NULL,488,3,'2008-04-18','2022-12-31','player contract'),
(506,NULL,489,3,'2008-04-18','2022-12-31','player contract'),
(507,NULL,490,17,'2008-04-18','2022-12-31','player contract'),
(508,NULL,491,2,'2008-04-18','2022-12-31','player contract'),
(509,NULL,492,16,'2008-04-18','2022-12-31','player contract'),
(510,NULL,493,1,'2008-04-18','2022-12-31','player contract'),
(511,NULL,494,1,'2008-04-18','2022-12-31','player contract'),
(512,NULL,495,10,'2008-04-18','2022-12-31','player contract'),
(513,NULL,496,14,'2008-04-18','2022-12-31','player contract'),
(514,NULL,497,16,'2008-04-18','2022-12-31','player contract'),
(515,NULL,498,7,'2008-04-18','2022-12-31','player contract'),
(516,NULL,499,4,'2008-04-18','2022-12-31','player contract'),
(517,NULL,500,1,'2008-04-18','2022-12-31','player contract'),
(518,NULL,501,17,'2008-04-18','2022-12-31','player contract'),
(519,NULL,502,1,'2008-04-18','2022-12-31','player contract'),
(520,NULL,503,1,'2008-04-18','2022-12-31','player contract'),
(521,NULL,504,11,'2008-04-18','2022-12-31','player contract'),
(522,NULL,505,4,'2008-04-18','2022-12-31','player contract'),
(523,NULL,506,10,'2008-04-18','2022-12-31','player contract'),
(524,NULL,507,3,'2008-04-18','2022-12-31','player contract'),
(525,NULL,508,2,'2008-04-18','2022-12-31','player contract'),
(526,NULL,509,2,'2008-04-18','2022-12-31','player contract'),
(527,NULL,510,8,'2008-04-18','2022-12-31','player contract'),
(528,NULL,511,5,'2008-04-18','2022-12-31','player contract'),
(529,NULL,512,17,'2008-04-18','2022-12-31','player contract'),
(530,NULL,513,8,'2008-04-18','2022-12-31','player contract'),
(531,NULL,514,2,'2008-04-18','2022-12-31','player contract'),
(532,NULL,515,8,'2008-04-18','2022-12-31','player contract'),
(533,NULL,516,5,'2008-04-18','2022-12-31','player contract'),
(534,NULL,517,13,'2008-04-18','2022-12-31','player contract'),
(535,NULL,518,5,'2008-04-18','2022-12-31','player contract'),
(536,NULL,519,8,'2008-04-18','2022-12-31','player contract'),
(537,NULL,520,9,'2008-04-18','2022-12-31','player contract'),
(538,NULL,521,11,'2008-04-18','2022-12-31','player contract'),
(539,NULL,522,11,'2008-04-18','2022-12-31','player contract'),
(540,NULL,523,10,'2008-04-18','2022-12-31','player contract'),
(541,NULL,524,11,'2008-04-18','2022-12-31','player contract'),
(542,NULL,525,3,'2008-04-18','2022-12-31','player contract'),
(543,NULL,526,1,'2008-04-18','2022-12-31','player contract'),
(544,NULL,527,11,'2008-04-18','2022-12-31','player contract'),
(545,NULL,528,13,'2008-04-18','2022-12-31','player contract'),
(546,NULL,529,11,'2008-04-18','2022-12-31','player contract'),
(547,NULL,530,11,'2008-04-18','2022-12-31','player contract'),
(548,NULL,531,8,'2008-04-18','2022-12-31','player contract'),
(549,NULL,532,3,'2008-04-18','2022-12-31','player contract'),
(550,NULL,533,2,'2008-04-18','2022-12-31','player contract'),
(551,NULL,534,1,'2008-04-18','2022-12-31','player contract'),
(552,NULL,535,11,'2008-04-18','2022-12-31','player contract'),
(553,NULL,536,1,'2008-04-18','2022-12-31','player contract'),
(554,NULL,537,16,'2008-04-18','2022-12-31','player contract'),
(555,NULL,538,8,'2008-04-18','2022-12-31','player contract'),
(556,NULL,539,10,'2008-04-18','2022-12-31','player contract'),
(557,NULL,540,10,'2008-04-18','2022-12-31','player contract'),
(558,NULL,541,17,'2008-04-18','2022-12-31','player contract'),
(559,NULL,542,1,'2008-04-18','2022-12-31','player contract'),
(560,NULL,543,10,'2008-04-18','2022-12-31','player contract'),
(561,NULL,544,7,'2008-04-18','2022-12-31','player contract'),
(562,NULL,545,17,'2008-04-18','2022-12-31','player contract'),
(563,NULL,546,12,'2008-04-18','2022-12-31','player contract'),
(564,NULL,547,12,'2008-04-18','2022-12-31','player contract'),
(565,NULL,548,9,'2008-04-18','2022-12-31','player contract'),
(566,NULL,549,2,'2008-04-18','2022-12-31','player contract'),
(567,NULL,550,1,'2008-04-18','2022-12-31','player contract'),
(568,NULL,551,3,'2008-04-18','2022-12-31','player contract'),
(569,NULL,552,12,'2008-04-18','2022-12-31','player contract'),
(570,NULL,553,1,'2008-04-18','2022-12-31','player contract'),
(571,NULL,554,5,'2008-04-18','2022-12-31','player contract'),
(572,NULL,555,16,'2008-04-18','2022-12-31','player contract'),
(573,NULL,556,8,'2008-04-18','2022-12-31','player contract'),
(574,NULL,557,5,'2008-04-18','2022-12-31','player contract'),
(575,NULL,558,1,'2008-04-18','2022-12-31','player contract'),
(576,NULL,559,5,'2008-04-18','2022-12-31','player contract'),
(577,NULL,560,10,'2008-04-18','2022-12-31','player contract'),
(578,NULL,561,8,'2008-04-18','2022-12-31','player contract'),
(579,NULL,562,2,'2008-04-18','2022-12-31','player contract'),
(580,NULL,563,5,'2008-04-18','2022-12-31','player contract'),
(581,NULL,564,8,'2008-04-18','2022-12-31','player contract'),
(582,NULL,565,3,'2008-04-18','2022-12-31','player contract'),
(583,NULL,566,17,'2008-04-18','2022-12-31','player contract'),
(584,NULL,567,2,'2008-04-18','2022-12-31','player contract'),
(585,NULL,568,1,'2008-04-18','2022-12-31','player contract'),
(586,NULL,569,8,'2008-04-18','2022-12-31','player contract'),
(587,NULL,570,16,'2008-04-18','2022-12-31','player contract'),
(588,NULL,571,10,'2008-04-18','2022-12-31','player contract'),
(589,NULL,572,8,'2008-04-18','2022-12-31','player contract'),
(590,NULL,573,17,'2008-04-18','2022-12-31','player contract'),
(591,NULL,574,11,'2008-04-18','2022-12-31','player contract'),
(592,NULL,575,10,'2008-04-18','2022-12-31','player contract'),
(593,NULL,576,17,'2008-04-18','2022-12-31','player contract'),
(594,NULL,577,17,'2008-04-18','2022-12-31','player contract'),
(595,NULL,578,12,'2008-04-18','2022-12-31','player contract'),
(596,NULL,579,12,'2008-04-18','2022-12-31','player contract'),
(597,NULL,580,8,'2008-04-18','2022-12-31','player contract'),
(598,NULL,581,12,'2008-04-18','2022-12-31','player contract'),
(599,NULL,582,11,'2008-04-18','2022-12-31','player contract'),
(600,NULL,583,4,'2008-04-18','2022-12-31','player contract'),
(601,NULL,584,11,'2008-04-18','2022-12-31','player contract'),
(602,NULL,585,10,'2008-04-18','2022-12-31','player contract'),
(603,NULL,586,8,'2008-04-18','2022-12-31','player contract'),
(604,NULL,587,11,'2008-04-18','2022-12-31','player contract'),
(605,NULL,588,1,'2008-04-18','2022-12-31','player contract'),
(606,NULL,589,2,'2008-04-18','2022-12-31','player contract'),
(607,NULL,590,14,'2008-04-18','2022-12-31','player contract'),
(608,NULL,591,8,'2008-04-18','2022-12-31','player contract'),
(609,NULL,592,16,'2008-04-18','2022-12-31','player contract'),
(610,NULL,593,10,'2008-04-18','2022-12-31','player contract'),
(611,NULL,594,4,'2008-04-18','2022-12-31','player contract'),
(612,NULL,595,2,'2008-04-18','2022-12-31','player contract'),
(613,NULL,596,1,'2008-04-18','2022-12-31','player contract'),
(614,NULL,597,10,'2008-04-18','2022-12-31','player contract'),
(615,NULL,598,2,'2008-04-18','2022-12-31','player contract'),
(616,NULL,599,11,'2008-04-18','2022-12-31','player contract'),
(617,NULL,600,1,'2008-04-18','2022-12-31','player contract'),
(618,NULL,601,17,'2008-04-18','2022-12-31','player contract'),
(619,NULL,602,12,'2008-04-18','2022-12-31','player contract'),
(620,NULL,603,11,'2008-04-18','2022-12-31','player contract'),
(621,NULL,604,8,'2008-04-18','2022-12-31','player contract'),
(622,NULL,605,6,'2008-04-18','2022-12-31','player contract'),
(623,NULL,606,5,'2008-04-18','2022-12-31','player contract'),
(624,NULL,607,12,'2008-04-18','2022-12-31','player contract')

GO







